Category,Gene,Database,Frequency,Count,Percentage,Genomes
Other,cxpE,AMRfinder,9 (100.0%),9,100.0,GCA_001443265.1;GCA_001444225.1;GCA_001444265.1;GCA_014705785.1;GCA_014705825.1;GCA_014705885.1;GCA_016535705.2;GCA_016536425.2;GCA_016539245.2
Other,abaF,AMRfinder,9 (100.0%),9,100.0,GCA_001443265.1;GCA_001444225.1;GCA_001444265.1;GCA_014705785.1;GCA_014705825.1;GCA_014705885.1;GCA_016535705.2;GCA_016536425.2;GCA_016539245.2
Other,lpxB,VFDB,9 (100.0%),9,100.0,GCA_001443265.1;GCA_001444225.1;GCA_001444265.1;GCA_014705785.1;GCA_014705825.1;GCA_014705885.1;GCA_016535705.2;GCA_016536425.2;GCA_016539245.2
Other,gspK,VFDB,9 (100.0%),9,100.0,GCA_001443265.1;GCA_001444225.1;GCA_001444265.1;GCA_014705785.1;GCA_014705825.1;GCA_014705885.1;GCA_016535705.2;GCA_016536425.2;GCA_016539245.2
Other,gspI,VFDB,9 (100.0%),9,100.0,GCA_001443265.1;GCA_001444225.1;GCA_001444265.1;GCA_014705785.1;GCA_014705825.1;GCA_014705885.1;GCA_016535705.2;GCA_016536425.2;GCA_016539245.2
Other,gspH,VFDB,9 (100.0%),9,100.0,GCA_001443265.1;GCA_001444225.1;GCA_001444265.1;GCA_014705785.1;GCA_014705825.1;GCA_014705885.1;GCA_016535705.2;GCA_016536425.2;GCA_016539245.2
Other,vgrG/tssI,VFDB,9 (100.0%),9,100.0,GCA_001443265.1;GCA_001444225.1;GCA_001444265.1;GCA_014705785.1;GCA_014705825.1;GCA_014705885.1;GCA_016535705.2;GCA_016536425.2;GCA_016539245.2
Other,ACICU_RS04610,VFDB,9 (100.0%),9,100.0,GCA_001443265.1;GCA_001444225.1;GCA_001444265.1;GCA_014705785.1;GCA_014705825.1;GCA_014705885.1;GCA_016535705.2;GCA_016536425.2;GCA_016539245.2
Other,ACICU_RS04565,VFDB,9 (100.0%),9,100.0,GCA_001443265.1;GCA_001444225.1;GCA_001444265.1;GCA_014705785.1;GCA_014705825.1;GCA_014705885.1;GCA_016535705.2;GCA_016536425.2;GCA_016539245.2
Other,pilT,VFDB,9 (100.0%),9,100.0,GCA_001443265.1;GCA_001444225.1;GCA_001444265.1;GCA_014705785.1;GCA_014705825.1;GCA_014705885.1;GCA_016535705.2;GCA_016536425.2;GCA_016539245.2
Other,pilU,VFDB,9 (100.0%),9,100.0,GCA_001443265.1;GCA_001444225.1;GCA_001444265.1;GCA_014705785.1;GCA_014705825.1;GCA_014705885.1;GCA_016535705.2;GCA_016536425.2;GCA_016539245.2
Other,gspE2,VFDB,9 (100.0%),9,100.0,GCA_001443265.1;GCA_001444225.1;GCA_001444265.1;GCA_014705785.1;GCA_014705825.1;GCA_014705885.1;GCA_016535705.2;GCA_016536425.2;GCA_016539245.2
Other,gspL,VFDB,9 (100.0%),9,100.0,GCA_001443265.1;GCA_001444225.1;GCA_001444265.1;GCA_014705785.1;GCA_014705825.1;GCA_014705885.1;GCA_016535705.2;GCA_016536425.2;GCA_016539245.2
Other,gspM,VFDB,9 (100.0%),9,100.0,GCA_001443265.1;GCA_001444225.1;GCA_001444265.1;GCA_014705785.1;GCA_014705825.1;GCA_014705885.1;GCA_016535705.2;GCA_016536425.2;GCA_016539245.2
Other,plc2,VFDB,9 (100.0%),9,100.0,GCA_001443265.1;GCA_001444225.1;GCA_001444265.1;GCA_014705785.1;GCA_014705825.1;GCA_014705885.1;GCA_016535705.2;GCA_016536425.2;GCA_016539245.2
Other,pilM,VFDB,9 (100.0%),9,100.0,GCA_001443265.1;GCA_001444225.1;GCA_001444265.1;GCA_014705785.1;GCA_014705825.1;GCA_014705885.1;GCA_016535705.2;GCA_016536425.2;GCA_016539245.2
Other,pilN,VFDB,9 (100.0%),9,100.0,GCA_001443265.1;GCA_001444225.1;GCA_001444265.1;GCA_014705785.1;GCA_014705825.1;GCA_014705885.1;GCA_016535705.2;GCA_016536425.2;GCA_016539245.2
Other,pilO,VFDB,9 (100.0%),9,100.0,GCA_001443265.1;GCA_001444225.1;GCA_001444265.1;GCA_014705785.1;GCA_014705825.1;GCA_014705885.1;GCA_016535705.2;GCA_016536425.2;GCA_016539245.2
Other,pilP,VFDB,9 (100.0%),9,100.0,GCA_001443265.1;GCA_001444225.1;GCA_001444265.1;GCA_014705785.1;GCA_014705825.1;GCA_014705885.1;GCA_016535705.2;GCA_016536425.2;GCA_016539245.2
Other,pilQ,VFDB,9 (100.0%),9,100.0,GCA_001443265.1;GCA_001444225.1;GCA_001444265.1;GCA_014705785.1;GCA_014705825.1;GCA_014705885.1;GCA_016535705.2;GCA_016536425.2;GCA_016539245.2
Other,pilV,VFDB,9 (100.0%),9,100.0,GCA_001443265.1;GCA_001444225.1;GCA_001444265.1;GCA_014705785.1;GCA_014705825.1;GCA_014705885.1;GCA_016535705.2;GCA_016536425.2;GCA_016539245.2
Other,pilW,VFDB,9 (100.0%),9,100.0,GCA_001443265.1;GCA_001444225.1;GCA_001444265.1;GCA_014705785.1;GCA_014705825.1;GCA_014705885.1;GCA_016535705.2;GCA_016536425.2;GCA_016539245.2
Other,pilX,VFDB,9 (100.0%),9,100.0,GCA_001443265.1;GCA_001444225.1;GCA_001444265.1;GCA_014705785.1;GCA_014705825.1;GCA_014705885.1;GCA_016535705.2;GCA_016536425.2;GCA_016539245.2
Other,pilY1,VFDB,9 (100.0%),9,100.0,GCA_001443265.1;GCA_001444225.1;GCA_001444265.1;GCA_014705785.1;GCA_014705825.1;GCA_014705885.1;GCA_016535705.2;GCA_016536425.2;GCA_016539245.2
Other,ACICU_RS16840,VFDB,9 (100.0%),9,100.0,GCA_001443265.1;GCA_001444225.1;GCA_001444265.1;GCA_014705785.1;GCA_014705825.1;GCA_014705885.1;GCA_016535705.2;GCA_016536425.2;GCA_016539245.2
Other,basJ,VFDB,9 (100.0%),9,100.0,GCA_001443265.1;GCA_001444225.1;GCA_001444265.1;GCA_014705785.1;GCA_014705825.1;GCA_014705885.1;GCA_016535705.2;GCA_016536425.2;GCA_016539245.2
Other,basI,VFDB,9 (100.0%),9,100.0,GCA_001443265.1;GCA_001444225.1;GCA_001444265.1;GCA_014705785.1;GCA_014705825.1;GCA_014705885.1;GCA_016535705.2;GCA_016536425.2;GCA_016539245.2
Other,basH,VFDB,9 (100.0%),9,100.0,GCA_001443265.1;GCA_001444225.1;GCA_001444265.1;GCA_014705785.1;GCA_014705825.1;GCA_014705885.1;GCA_016535705.2;GCA_016536425.2;GCA_016539245.2
Other,barB,VFDB,9 (100.0%),9,100.0,GCA_001443265.1;GCA_001444225.1;GCA_001444265.1;GCA_014705785.1;GCA_014705825.1;GCA_014705885.1;GCA_016535705.2;GCA_016536425.2;GCA_016539245.2
Other,barA,VFDB,9 (100.0%),9,100.0,GCA_001443265.1;GCA_001444225.1;GCA_001444265.1;GCA_014705785.1;GCA_014705825.1;GCA_014705885.1;GCA_016535705.2;GCA_016536425.2;GCA_016539245.2
Other,basG,VFDB,9 (100.0%),9,100.0,GCA_001443265.1;GCA_001444225.1;GCA_001444265.1;GCA_014705785.1;GCA_014705825.1;GCA_014705885.1;GCA_016535705.2;GCA_016536425.2;GCA_016539245.2
Other,basF,VFDB,9 (100.0%),9,100.0,GCA_001443265.1;GCA_001444225.1;GCA_001444265.1;GCA_014705785.1;GCA_014705825.1;GCA_014705885.1;GCA_016535705.2;GCA_016536425.2;GCA_016539245.2
Other,entE,VFDB,9 (100.0%),9,100.0,GCA_001443265.1;GCA_001444225.1;GCA_001444265.1;GCA_014705785.1;GCA_014705825.1;GCA_014705885.1;GCA_016535705.2;GCA_016536425.2;GCA_016539245.2
Other,basD,VFDB,9 (100.0%),9,100.0,GCA_001443265.1;GCA_001444225.1;GCA_001444265.1;GCA_014705785.1;GCA_014705825.1;GCA_014705885.1;GCA_016535705.2;GCA_016536425.2;GCA_016539245.2
Other,basC,VFDB,9 (100.0%),9,100.0,GCA_001443265.1;GCA_001444225.1;GCA_001444265.1;GCA_014705785.1;GCA_014705825.1;GCA_014705885.1;GCA_016535705.2;GCA_016536425.2;GCA_016539245.2
Other,bauB,VFDB,9 (100.0%),9,100.0,GCA_001443265.1;GCA_001444225.1;GCA_001444265.1;GCA_014705785.1;GCA_014705825.1;GCA_014705885.1;GCA_016535705.2;GCA_016536425.2;GCA_016539245.2
Other,bauE,VFDB,9 (100.0%),9,100.0,GCA_001443265.1;GCA_001444225.1;GCA_001444265.1;GCA_014705785.1;GCA_014705825.1;GCA_014705885.1;GCA_016535705.2;GCA_016536425.2;GCA_016539245.2
Other,bauC,VFDB,9 (100.0%),9,100.0,GCA_001443265.1;GCA_001444225.1;GCA_001444265.1;GCA_014705785.1;GCA_014705825.1;GCA_014705885.1;GCA_016535705.2;GCA_016536425.2;GCA_016539245.2
Other,bauD,VFDB,9 (100.0%),9,100.0,GCA_001443265.1;GCA_001444225.1;GCA_001444265.1;GCA_014705785.1;GCA_014705825.1;GCA_014705885.1;GCA_016535705.2;GCA_016536425.2;GCA_016539245.2
Other,basB,VFDB,9 (100.0%),9,100.0,GCA_001443265.1;GCA_001444225.1;GCA_001444265.1;GCA_014705785.1;GCA_014705825.1;GCA_014705885.1;GCA_016535705.2;GCA_016536425.2;GCA_016539245.2
Other,basA,VFDB,9 (100.0%),9,100.0,GCA_001443265.1;GCA_001444225.1;GCA_001444265.1;GCA_014705785.1;GCA_014705825.1;GCA_014705885.1;GCA_016535705.2;GCA_016536425.2;GCA_016539245.2
Other,bauF,VFDB,9 (100.0%),9,100.0,GCA_001443265.1;GCA_001444225.1;GCA_001444265.1;GCA_014705785.1;GCA_014705825.1;GCA_014705885.1;GCA_016535705.2;GCA_016536425.2;GCA_016539245.2
Other,lpsB,VFDB,9 (100.0%),9,100.0,GCA_001443265.1;GCA_001444225.1;GCA_001444265.1;GCA_014705785.1;GCA_014705825.1;GCA_014705885.1;GCA_016535705.2;GCA_016536425.2;GCA_016539245.2
Other,gspG,VFDB,9 (100.0%),9,100.0,GCA_001443265.1;GCA_001444225.1;GCA_001444265.1;GCA_014705785.1;GCA_014705825.1;GCA_014705885.1;GCA_016535705.2;GCA_016536425.2;GCA_016539245.2
Other,gspF,VFDB,9 (100.0%),9,100.0,GCA_001443265.1;GCA_001444225.1;GCA_001444265.1;GCA_014705785.1;GCA_014705825.1;GCA_014705885.1;GCA_016535705.2;GCA_016536425.2;GCA_016539245.2
Other,gspD,VFDB,9 (100.0%),9,100.0,GCA_001443265.1;GCA_001444225.1;GCA_001444265.1;GCA_014705785.1;GCA_014705825.1;GCA_014705885.1;GCA_016535705.2;GCA_016536425.2;GCA_016539245.2
Other,gspC,VFDB,9 (100.0%),9,100.0,GCA_001443265.1;GCA_001444225.1;GCA_001444265.1;GCA_014705785.1;GCA_014705825.1;GCA_014705885.1;GCA_016535705.2;GCA_016536425.2;GCA_016539245.2
Other,gspN,VFDB,9 (100.0%),9,100.0,GCA_001443265.1;GCA_001444225.1;GCA_001444265.1;GCA_014705785.1;GCA_014705825.1;GCA_014705885.1;GCA_016535705.2;GCA_016536425.2;GCA_016539245.2
Other,pbpG,VFDB,9 (100.0%),9,100.0,GCA_001443265.1;GCA_001444225.1;GCA_001444265.1;GCA_014705785.1;GCA_014705825.1;GCA_014705885.1;GCA_016535705.2;GCA_016536425.2;GCA_016539245.2
Other,pilS,VFDB,9 (100.0%),9,100.0,GCA_001443265.1;GCA_001444225.1;GCA_001444265.1;GCA_014705785.1;GCA_014705825.1;GCA_014705885.1;GCA_016535705.2;GCA_016536425.2;GCA_016539245.2
Other,pilR,VFDB,9 (100.0%),9,100.0,GCA_001443265.1;GCA_001444225.1;GCA_001444265.1;GCA_014705785.1;GCA_014705825.1;GCA_014705885.1;GCA_016535705.2;GCA_016536425.2;GCA_016539245.2
Other,pilJ,VFDB,9 (100.0%),9,100.0,GCA_001443265.1;GCA_001444225.1;GCA_001444265.1;GCA_014705785.1;GCA_014705825.1;GCA_014705885.1;GCA_016535705.2;GCA_016536425.2;GCA_016539245.2
Other,pilI,VFDB,9 (100.0%),9,100.0,GCA_001443265.1;GCA_001444225.1;GCA_001444265.1;GCA_014705785.1;GCA_014705825.1;GCA_014705885.1;GCA_016535705.2;GCA_016536425.2;GCA_016539245.2
Other,pilH,VFDB,9 (100.0%),9,100.0,GCA_001443265.1;GCA_001444225.1;GCA_001444265.1;GCA_014705785.1;GCA_014705825.1;GCA_014705885.1;GCA_016535705.2;GCA_016536425.2;GCA_016539245.2
Other,pilG,VFDB,9 (100.0%),9,100.0,GCA_001443265.1;GCA_001444225.1;GCA_001444265.1;GCA_014705785.1;GCA_014705825.1;GCA_014705885.1;GCA_016535705.2;GCA_016536425.2;GCA_016539245.2
Other,tsaP,VFDB,9 (100.0%),9,100.0,GCA_001443265.1;GCA_001444225.1;GCA_001444265.1;GCA_014705785.1;GCA_014705825.1;GCA_014705885.1;GCA_016535705.2;GCA_016536425.2;GCA_016539245.2
Other,plc1,VFDB,9 (100.0%),9,100.0,GCA_001443265.1;GCA_001444225.1;GCA_001444265.1;GCA_014705785.1;GCA_014705825.1;GCA_014705885.1;GCA_016535705.2;GCA_016536425.2;GCA_016539245.2
Other,ACICU_RS00395,VFDB,9 (100.0%),9,100.0,GCA_001443265.1;GCA_001444225.1;GCA_001444265.1;GCA_014705785.1;GCA_014705825.1;GCA_014705885.1;GCA_016535705.2;GCA_016536425.2;GCA_016539245.2
Other,ACICU_RS00400,VFDB,9 (100.0%),9,100.0,GCA_001443265.1;GCA_001444225.1;GCA_001444265.1;GCA_014705785.1;GCA_014705825.1;GCA_014705885.1;GCA_016535705.2;GCA_016536425.2;GCA_016539245.2
Other,ACICU_RS00405,VFDB,9 (100.0%),9,100.0,GCA_001443265.1;GCA_001444225.1;GCA_001444265.1;GCA_014705785.1;GCA_014705825.1;GCA_014705885.1;GCA_016535705.2;GCA_016536425.2;GCA_016539245.2
Other,galE,VFDB,9 (100.0%),9,100.0,GCA_001443265.1;GCA_001444225.1;GCA_001444265.1;GCA_014705785.1;GCA_014705825.1;GCA_014705885.1;GCA_016535705.2;GCA_016536425.2;GCA_016539245.2
Other,galU,VFDB,9 (100.0%),9,100.0,GCA_001443265.1;GCA_001444225.1;GCA_001444265.1;GCA_014705785.1;GCA_014705825.1;GCA_014705885.1;GCA_016535705.2;GCA_016536425.2;GCA_016539245.2
Other,ACICU_RS00485,VFDB,9 (100.0%),9,100.0,GCA_001443265.1;GCA_001444225.1;GCA_001444265.1;GCA_014705785.1;GCA_014705825.1;GCA_014705885.1;GCA_016535705.2;GCA_016536425.2;GCA_016539245.2
Other,pgi,VFDB,9 (100.0%),9,100.0,GCA_001443265.1;GCA_001444225.1;GCA_001444265.1;GCA_014705785.1;GCA_014705825.1;GCA_014705885.1;GCA_016535705.2;GCA_016536425.2;GCA_016539245.2
Other,ACICU_RS00500,VFDB,9 (100.0%),9,100.0,GCA_001443265.1;GCA_001444225.1;GCA_001444265.1;GCA_014705785.1;GCA_014705825.1;GCA_014705885.1;GCA_016535705.2;GCA_016536425.2;GCA_016539245.2
Other,gspE1,VFDB,9 (100.0%),9,100.0,GCA_001443265.1;GCA_001444225.1;GCA_001444265.1;GCA_014705785.1;GCA_014705825.1;GCA_014705885.1;GCA_016535705.2;GCA_016536425.2;GCA_016539245.2
Other,plcD,VFDB,9 (100.0%),9,100.0,GCA_001443265.1;GCA_001444225.1;GCA_001444265.1;GCA_014705785.1;GCA_014705825.1;GCA_014705885.1;GCA_016535705.2;GCA_016536425.2;GCA_016539245.2
Other,OXA,MEGARES,9 (100.0%),9,100.0,GCA_001443265.1;GCA_001444225.1;GCA_001444265.1;GCA_014705785.1;GCA_014705825.1;GCA_014705885.1;GCA_016535705.2;GCA_016536425.2;GCA_016539245.2
Other,ABAF,MEGARES,9 (100.0%),9,100.0,GCA_001443265.1;GCA_001444225.1;GCA_001444265.1;GCA_014705785.1;GCA_014705825.1;GCA_014705885.1;GCA_016535705.2;GCA_016536425.2;GCA_016539245.2
Other,BLAA,MEGARES,9 (100.0%),9,100.0,GCA_001443265.1;GCA_001444225.1;GCA_001444265.1;GCA_014705785.1;GCA_014705825.1;GCA_014705885.1;GCA_016535705.2;GCA_016536425.2;GCA_016539245.2
Other,ABAQ,MEGARES,9 (100.0%),9,100.0,GCA_001443265.1;GCA_001444225.1;GCA_001444265.1;GCA_014705785.1;GCA_014705825.1;GCA_014705885.1;GCA_016535705.2;GCA_016536425.2;GCA_016539245.2
Other,ADC,MEGARES,9 (100.0%),9,100.0,GCA_001443265.1;GCA_001444225.1;GCA_001444265.1;GCA_014705785.1;GCA_014705825.1;GCA_014705885.1;GCA_016535705.2;GCA_016536425.2;GCA_016539245.2
Other,gi|259020297|gb|FJ866497.1|,VICTORS,9 (100.0%),9,100.0,GCA_001443265.1;GCA_001444225.1;GCA_001444265.1;GCA_014705785.1;GCA_014705825.1;GCA_014705885.1;GCA_016535705.2;GCA_016536425.2;GCA_016539245.2
Other,gi|259020299|gb|FJ866498.1|,VICTORS,9 (100.0%),9,100.0,GCA_001443265.1;GCA_001444225.1;GCA_001444265.1;GCA_014705785.1;GCA_014705825.1;GCA_014705885.1;GCA_016535705.2;GCA_016536425.2;GCA_016539245.2
Other,gi|259020301|gb|FJ866499.1|,VICTORS,9 (100.0%),9,100.0,GCA_001443265.1;GCA_001444225.1;GCA_001444265.1;GCA_014705785.1;GCA_014705825.1;GCA_014705885.1;GCA_016535705.2;GCA_016536425.2;GCA_016539245.2
Other,Mbl,ARGANNOT,9 (100.0%),9,100.0,GCA_001443265.1;GCA_001444225.1;GCA_001444265.1;GCA_014705785.1;GCA_014705825.1;GCA_014705885.1;GCA_016535705.2;GCA_016536425.2;GCA_016539245.2
Other,BlaA2,ARGANNOT,9 (100.0%),9,100.0,GCA_001443265.1;GCA_001444225.1;GCA_001444265.1;GCA_014705785.1;GCA_014705825.1;GCA_014705885.1;GCA_016535705.2;GCA_016536425.2;GCA_016539245.2
Other,BlaA1,ARGANNOT,9 (100.0%),9,100.0,GCA_001443265.1;GCA_001444225.1;GCA_001444265.1;GCA_014705785.1;GCA_014705825.1;GCA_014705885.1;GCA_016535705.2;GCA_016536425.2;GCA_016539245.2
Other,Zn-dependent_hydrolase,ARGANNOT,9 (100.0%),9,100.0,GCA_001443265.1;GCA_001444225.1;GCA_001444265.1;GCA_014705785.1;GCA_014705825.1;GCA_014705885.1;GCA_016535705.2;GCA_016536425.2;GCA_016539245.2
Other,Acinetobacter_baumannii_AbaF,CARD,9 (100.0%),9,100.0,GCA_001443265.1;GCA_001444225.1;GCA_001444265.1;GCA_014705785.1;GCA_014705825.1;GCA_014705885.1;GCA_016535705.2;GCA_016536425.2;GCA_016539245.2
Other,Acinetobacter_baumannii_AbaQ,CARD,9 (100.0%),9,100.0,GCA_001443265.1;GCA_001444225.1;GCA_001444265.1;GCA_014705785.1;GCA_014705825.1;GCA_014705885.1;GCA_016535705.2;GCA_016536425.2;GCA_016539245.2
Other,LpsB,CARD,9 (100.0%),9,100.0,GCA_001443265.1;GCA_001444225.1;GCA_001444265.1;GCA_014705785.1;GCA_014705825.1;GCA_014705885.1;GCA_016535705.2;GCA_016536425.2;GCA_016539245.2
Other,modB-BAC0610,BACMET2,9 (100.0%),9,100.0,GCA_001443265.1;GCA_001444225.1;GCA_001444265.1;GCA_014705785.1;GCA_014705825.1;GCA_014705885.1;GCA_016535705.2;GCA_016536425.2;GCA_016539245.2
Other,modA-BAC0609,BACMET2,9 (100.0%),9,100.0,GCA_001443265.1;GCA_001444225.1;GCA_001444265.1;GCA_014705785.1;GCA_014705825.1;GCA_014705885.1;GCA_016535705.2;GCA_016536425.2;GCA_016539245.2
Other,ostA/lptD-BAC0296,BACMET2,9 (100.0%),9,100.0,GCA_001443265.1;GCA_001444225.1;GCA_001444265.1;GCA_014705785.1;GCA_014705825.1;GCA_014705885.1;GCA_016535705.2;GCA_016536425.2;GCA_016539245.2
Other,vcaM-BAC0417,BACMET2,9 (100.0%),9,100.0,GCA_001443265.1;GCA_001444225.1;GCA_001444265.1;GCA_014705785.1;GCA_014705825.1;GCA_014705885.1;GCA_016535705.2;GCA_016536425.2;GCA_016539245.2
Other,pstB-BAC0316,BACMET2,9 (100.0%),9,100.0,GCA_001443265.1;GCA_001444225.1;GCA_001444265.1;GCA_014705785.1;GCA_014705825.1;GCA_014705885.1;GCA_016535705.2;GCA_016536425.2;GCA_016539245.2
Other,fabL/ygaA-BAC0158,BACMET2,9 (100.0%),9,100.0,GCA_001443265.1;GCA_001444225.1;GCA_001444265.1;GCA_014705785.1;GCA_014705825.1;GCA_014705885.1;GCA_016535705.2;GCA_016536425.2;GCA_016539245.2
Other,fabK-BAC0157,BACMET2,9 (100.0%),9,100.0,GCA_001443265.1;GCA_001444225.1;GCA_001444265.1;GCA_014705785.1;GCA_014705825.1;GCA_014705885.1;GCA_016535705.2;GCA_016536425.2;GCA_016539245.2
Other,hmrR-BAC0190,BACMET2,9 (100.0%),9,100.0,GCA_001443265.1;GCA_001444225.1;GCA_001444265.1;GCA_014705785.1;GCA_014705825.1;GCA_014705885.1;GCA_016535705.2;GCA_016536425.2;GCA_016539245.2
Other,golT-BAC0183,BACMET2,9 (100.0%),9,100.0,GCA_001443265.1;GCA_001444225.1;GCA_001444265.1;GCA_014705785.1;GCA_014705825.1;GCA_014705885.1;GCA_016535705.2;GCA_016536425.2;GCA_016539245.2
Other,vceB-BAC0419,BACMET2,9 (100.0%),9,100.0,GCA_001443265.1;GCA_001444225.1;GCA_001444265.1;GCA_014705785.1;GCA_014705825.1;GCA_014705885.1;GCA_016535705.2;GCA_016536425.2;GCA_016539245.2
Other,vceA-BAC0418,BACMET2,9 (100.0%),9,100.0,GCA_001443265.1;GCA_001444225.1;GCA_001444265.1;GCA_014705785.1;GCA_014705825.1;GCA_014705885.1;GCA_016535705.2;GCA_016536425.2;GCA_016539245.2
Other,copR-BAC0719,BACMET2,9 (100.0%),9,100.0,GCA_001443265.1;GCA_001444225.1;GCA_001444265.1;GCA_014705785.1;GCA_014705825.1;GCA_014705885.1;GCA_016535705.2;GCA_016536425.2;GCA_016539245.2
Other,mgtA-BAC0642,BACMET2,9 (100.0%),9,100.0,GCA_001443265.1;GCA_001444225.1;GCA_001444265.1;GCA_014705785.1;GCA_014705825.1;GCA_014705885.1;GCA_016535705.2;GCA_016536425.2;GCA_016539245.2
Other,galE-BAC0755,BACMET2,9 (100.0%),9,100.0,GCA_001443265.1;GCA_001444225.1;GCA_001444265.1;GCA_014705785.1;GCA_014705825.1;GCA_014705885.1;GCA_016535705.2;GCA_016536425.2;GCA_016539245.2
Other,actP/yjcG-BAC0564,BACMET2,9 (100.0%),9,100.0,GCA_001443265.1;GCA_001444225.1;GCA_001444265.1;GCA_014705785.1;GCA_014705825.1;GCA_014705885.1;GCA_016535705.2;GCA_016536425.2;GCA_016539245.2
Other,bfrA-BAC0048,BACMET2,9 (100.0%),9,100.0,GCA_001443265.1;GCA_001444225.1;GCA_001444265.1;GCA_014705785.1;GCA_014705825.1;GCA_014705885.1;GCA_016535705.2;GCA_016536425.2;GCA_016539245.2
Other,recG-BAC0356,BACMET2,9 (100.0%),9,100.0,GCA_001443265.1;GCA_001444225.1;GCA_001444265.1;GCA_014705785.1;GCA_014705825.1;GCA_014705885.1;GCA_016535705.2;GCA_016536425.2;GCA_016539245.2
Other,ruvB-BAC0293,BACMET2,9 (100.0%),9,100.0,GCA_001443265.1;GCA_001444225.1;GCA_001444265.1;GCA_014705785.1;GCA_014705825.1;GCA_014705885.1;GCA_016535705.2;GCA_016536425.2;GCA_016539245.2
Other,sodB-BAC0706,BACMET2,9 (100.0%),9,100.0,GCA_001443265.1;GCA_001444225.1;GCA_001444265.1;GCA_014705785.1;GCA_014705825.1;GCA_014705885.1;GCA_016535705.2;GCA_016536425.2;GCA_016539245.2
Other,modB-BAC0599,BACMET2,9 (100.0%),9,100.0,GCA_001443265.1;GCA_001444225.1;GCA_001444265.1;GCA_014705785.1;GCA_014705825.1;GCA_014705885.1;GCA_016535705.2;GCA_016536425.2;GCA_016539245.2
Other,G2alt-BAC0490,BACMET2,9 (100.0%),9,100.0,GCA_001443265.1;GCA_001444225.1;GCA_001444265.1;GCA_014705785.1;GCA_014705825.1;GCA_014705885.1;GCA_016535705.2;GCA_016536425.2;GCA_016539245.2
Other,ruvB-BAC0355,BACMET2,9 (100.0%),9,100.0,GCA_001443265.1;GCA_001444225.1;GCA_001444265.1;GCA_014705785.1;GCA_014705825.1;GCA_014705885.1;GCA_016535705.2;GCA_016536425.2;GCA_016539245.2
Other,ydeP-BAC0438,BACMET2,9 (100.0%),9,100.0,GCA_001443265.1;GCA_001444225.1;GCA_001444265.1;GCA_014705785.1;GCA_014705825.1;GCA_014705885.1;GCA_016535705.2;GCA_016536425.2;GCA_016539245.2
Other,adeE-BAC0013,BACMET2,9 (100.0%),9,100.0,GCA_001443265.1;GCA_001444225.1;GCA_001444265.1;GCA_014705785.1;GCA_014705825.1;GCA_014705885.1;GCA_016535705.2;GCA_016536425.2;GCA_016539245.2
Other,cutE/lnt-BAC0115,BACMET2,9 (100.0%),9,100.0,GCA_001443265.1;GCA_001444225.1;GCA_001444265.1;GCA_014705785.1;GCA_014705825.1;GCA_014705885.1;GCA_016535705.2;GCA_016536425.2;GCA_016539245.2
Other,abuO-BAC0758,BACMET2,9 (100.0%),9,100.0,GCA_001443265.1;GCA_001444225.1;GCA_001444265.1;GCA_014705785.1;GCA_014705825.1;GCA_014705885.1;GCA_016535705.2;GCA_016536425.2;GCA_016539245.2
Other,dsbC-BAC0138,BACMET2,9 (100.0%),9,100.0,GCA_001443265.1;GCA_001444225.1;GCA_001444265.1;GCA_014705785.1;GCA_014705825.1;GCA_014705885.1;GCA_016535705.2;GCA_016536425.2;GCA_016539245.2
Other,pcoA-BAC0303,BACMET2,9 (100.0%),9,100.0,GCA_001443265.1;GCA_001444225.1;GCA_001444265.1;GCA_014705785.1;GCA_014705825.1;GCA_014705885.1;GCA_016535705.2;GCA_016536425.2;GCA_016539245.2
Other,bcr-BAC0041,BACMET2,9 (100.0%),9,100.0,GCA_001443265.1;GCA_001444225.1;GCA_001444265.1;GCA_014705785.1;GCA_014705825.1;GCA_014705885.1;GCA_016535705.2;GCA_016536425.2;GCA_016539245.2
Other,fabI-BAC0156,BACMET2,9 (100.0%),9,100.0,GCA_001443265.1;GCA_001444225.1;GCA_001444265.1;GCA_014705785.1;GCA_014705825.1;GCA_014705885.1;GCA_016535705.2;GCA_016536425.2;GCA_016539245.2
Other,acn-BAC0003,BACMET2,9 (100.0%),9,100.0,GCA_001443265.1;GCA_001444225.1;GCA_001444265.1;GCA_014705785.1;GCA_014705825.1;GCA_014705885.1;GCA_016535705.2;GCA_016536425.2;GCA_016539245.2
Other,comR/ycfQ-BAC0076,BACMET2,9 (100.0%),9,100.0,GCA_001443265.1;GCA_001444225.1;GCA_001444265.1;GCA_014705785.1;GCA_014705825.1;GCA_014705885.1;GCA_016535705.2;GCA_016536425.2;GCA_016539245.2
Other,sitB-BAC0350,BACMET2,9 (100.0%),9,100.0,GCA_001443265.1;GCA_001444225.1;GCA_001444265.1;GCA_014705785.1;GCA_014705825.1;GCA_014705885.1;GCA_016535705.2;GCA_016536425.2;GCA_016539245.2
Other,gyrA_S81L,AMRfinder,8 (88.9%),8,88.89,GCA_001443265.1;GCA_001444225.1;GCA_001444265.1;GCA_014705785.1;GCA_014705825.1;GCA_014705885.1;GCA_016535705.2;GCA_016539245.2
Other,parC_S84L,AMRfinder,8 (88.9%),8,88.89,GCA_001443265.1;GCA_001444225.1;GCA_001444265.1;GCA_014705785.1;GCA_014705825.1;GCA_014705885.1;GCA_016535705.2;GCA_016539245.2
Other,mtrA-BAC0256,BACMET2,8 (88.9%),8,88.89,GCA_001443265.1;GCA_001444225.1;GCA_001444265.1;GCA_014705785.1;GCA_014705825.1;GCA_016535705.2;GCA_016536425.2;GCA_016539245.2
Other,hefC-BAC0188,BACMET2,8 (88.9%),8,88.89,GCA_001443265.1;GCA_001444225.1;GCA_001444265.1;GCA_014705785.1;GCA_014705885.1;GCA_016535705.2;GCA_016536425.2;GCA_016539245.2
Other,hmrM-BAC0189,BACMET2,8 (88.9%),8,88.89,GCA_001443265.1;GCA_001444225.1;GCA_001444265.1;GCA_014705785.1;GCA_014705825.1;GCA_014705885.1;GCA_016536425.2;GCA_016539245.2
Other,gi|56707187:1378062-1379584,VICTORS,7 (77.8%),7,77.78,GCA_001443265.1;GCA_001444225.1;GCA_001444265.1;GCA_014705785.1;GCA_014705825.1;GCA_014705885.1;GCA_016536425.2
Other,tagX,VFDB,6 (66.7%),6,66.67,GCA_014705785.1;GCA_014705825.1;GCA_014705885.1;GCA_016535705.2;GCA_016536425.2;GCA_016539245.2
Other,tssL,VFDB,6 (66.7%),6,66.67,GCA_014705785.1;GCA_014705825.1;GCA_014705885.1;GCA_016535705.2;GCA_016536425.2;GCA_016539245.2
Other,tssK,VFDB,6 (66.7%),6,66.67,GCA_014705785.1;GCA_014705825.1;GCA_014705885.1;GCA_016535705.2;GCA_016536425.2;GCA_016539245.2
Other,tssA,VFDB,6 (66.7%),6,66.67,GCA_014705785.1;GCA_014705825.1;GCA_014705885.1;GCA_016535705.2;GCA_016536425.2;GCA_016539245.2
Other,clpV/tssH,VFDB,6 (66.7%),6,66.67,GCA_014705785.1;GCA_014705825.1;GCA_014705885.1;GCA_016535705.2;GCA_016536425.2;GCA_016539245.2
Other,tssM,VFDB,6 (66.7%),6,66.67,GCA_014705785.1;GCA_014705825.1;GCA_014705885.1;GCA_016535705.2;GCA_016536425.2;GCA_016539245.2
Other,tssG,VFDB,6 (66.7%),6,66.67,GCA_014705785.1;GCA_014705825.1;GCA_014705885.1;GCA_016535705.2;GCA_016536425.2;GCA_016539245.2
Other,tssF,VFDB,6 (66.7%),6,66.67,GCA_014705785.1;GCA_014705825.1;GCA_014705885.1;GCA_016535705.2;GCA_016536425.2;GCA_016539245.2
Other,tssE,VFDB,6 (66.7%),6,66.67,GCA_014705785.1;GCA_014705825.1;GCA_014705885.1;GCA_016535705.2;GCA_016536425.2;GCA_016539245.2
Other,hcp/tssD,VFDB,6 (66.7%),6,66.67,GCA_014705785.1;GCA_014705825.1;GCA_014705885.1;GCA_016535705.2;GCA_016536425.2;GCA_016539245.2
Other,tssC,VFDB,6 (66.7%),6,66.67,GCA_014705785.1;GCA_014705825.1;GCA_014705885.1;GCA_016535705.2;GCA_016536425.2;GCA_016539245.2
Other,tssB,VFDB,6 (66.7%),6,66.67,GCA_014705785.1;GCA_014705825.1;GCA_014705885.1;GCA_016535705.2;GCA_016536425.2;GCA_016539245.2
Other,norA-BAC0282,BACMET2,6 (66.7%),6,66.67,GCA_001443265.1;GCA_001444225.1;GCA_001444265.1;GCA_016535705.2;GCA_016536425.2;GCA_016539245.2
Other,pcoS-BAC0309,BACMET2,6 (66.7%),6,66.67,GCA_001443265.1;GCA_001444225.1;GCA_001444265.1;GCA_016535705.2;GCA_016536425.2;GCA_016539245.2
Other,bauA,VFDB,5 (55.6%),5,55.56,GCA_014705785.1;GCA_014705825.1;GCA_014705885.1;GCA_016536425.2;GCA_016539245.2
Other,strA,ARGANNOT,5 (55.6%),5,55.56,GCA_014705785.1;GCA_014705825.1;GCA_014705885.1;GCA_016536425.2;GCA_016539245.2
Other,strB,ARGANNOT,5 (55.6%),5,55.56,GCA_014705785.1;GCA_014705825.1;GCA_014705885.1;GCA_016536425.2;GCA_016539245.2
Other,smdA-BAC0353,BACMET2,5 (55.6%),5,55.56,GCA_001443265.1;GCA_001444225.1;GCA_001444265.1;GCA_016536425.2;GCA_016539245.2
Other,cusA/ybdE-BAC0107,BACMET2,5 (55.6%),5,55.56,GCA_001443265.1;GCA_001444225.1;GCA_001444265.1;GCA_016536425.2;GCA_016539245.2
Other,fecD-BAC0163,BACMET2,5 (55.6%),5,55.56,GCA_014705785.1;GCA_014705825.1;GCA_014705885.1;GCA_016536425.2;GCA_016539245.2
Other,mph(E),AMRfinder,4 (44.4%),4,44.44,GCA_001443265.1;GCA_001444225.1;GCA_001444265.1;GCA_014705825.1
Other,merR,AMRfinder,4 (44.4%),4,44.44,GCA_014705785.1;GCA_014705825.1;GCA_014705885.1;GCA_016535705.2
Other,TEM,MEGARES,4 (44.4%),4,44.44,GCA_014705785.1;GCA_014705825.1;GCA_014705885.1;GCA_016535705.2
Other,MPHE,MEGARES,4 (44.4%),4,44.44,GCA_001443265.1;GCA_001444225.1;GCA_001444265.1;GCA_014705825.1
Other,beta-lactamase_class-C,ARGANNOT,4 (44.4%),4,44.44,GCA_001443265.1;GCA_001444225.1;GCA_001444265.1;GCA_016535705.2
Other,mph(E),ARGANNOT,4 (44.4%),4,44.44,GCA_001443265.1;GCA_001444225.1;GCA_001444265.1;GCA_014705825.1
Other,OXA-69,CARD,4 (44.4%),4,44.44,GCA_001443265.1;GCA_001444225.1;GCA_001444265.1;GCA_016535705.2
Other,TEM-12,CARD,4 (44.4%),4,44.44,GCA_014705785.1;GCA_014705825.1;GCA_014705885.1;GCA_016535705.2
Other,OXA-23,CARD,4 (44.4%),4,44.44,GCA_001443265.1;GCA_001444225.1;GCA_001444265.1;GCA_016535705.2
Other,mphE,CARD,4 (44.4%),4,44.44,GCA_001443265.1;GCA_001444225.1;GCA_001444265.1;GCA_014705825.1
Other,mph(E),NCBI,4 (44.4%),4,44.44,GCA_001443265.1;GCA_001444225.1;GCA_001444265.1;GCA_014705825.1
Other,mph(E)_1,RESFINDER,4 (44.4%),4,44.44,GCA_001443265.1;GCA_001444225.1;GCA_001444265.1;GCA_014705825.1
Other,int,ECOLI_VF,4 (44.4%),4,44.44,GCA_014705785.1;GCA_014705825.1;GCA_014705885.1;GCA_016535705.2
Other,irlR-BAC0197,BACMET2,4 (44.4%),4,44.44,GCA_001443265.1;GCA_001444225.1;GCA_001444265.1;GCA_016535705.2
Other,copR-BAC0083,BACMET2,4 (44.4%),4,44.44,GCA_001443265.1;GCA_001444225.1;GCA_001444265.1;GCA_016535705.2
Other,aioE-BAC0715,BACMET2,4 (44.4%),4,44.44,GCA_001443265.1;GCA_001444225.1;GCA_001444265.1;GCA_016535705.2
Other,blt-BAC0050,BACMET2,4 (44.4%),4,44.44,GCA_014705785.1;GCA_014705825.1;GCA_014705885.1;GCA_016535705.2
Other,merR-BAC0689,BACMET2,4 (44.4%),4,44.44,GCA_014705785.1;GCA_014705825.1;GCA_014705885.1;GCA_016535705.2
Other,ACICU_RS04605,VFDB,3 (33.3%),3,33.33,GCA_016535705.2;GCA_016536425.2;GCA_016539245.2
Other,hemO,VFDB,3 (33.3%),3,33.33,GCA_016535705.2;GCA_016536425.2;GCA_016539245.2
Other,ACICU_RS04595,VFDB,3 (33.3%),3,33.33,GCA_016535705.2;GCA_016536425.2;GCA_016539245.2
Other,ACICU_RS04590,VFDB,3 (33.3%),3,33.33,GCA_016535705.2;GCA_016536425.2;GCA_016539245.2
Other,ACICU_RS04585,VFDB,3 (33.3%),3,33.33,GCA_016535705.2;GCA_016536425.2;GCA_016539245.2
Other,ACICU_RS04580,VFDB,3 (33.3%),3,33.33,GCA_016535705.2;GCA_016536425.2;GCA_016539245.2
Other,ACICU_RS04575,VFDB,3 (33.3%),3,33.33,GCA_016535705.2;GCA_016536425.2;GCA_016539245.2
Other,ACICU_RS04570,VFDB,3 (33.3%),3,33.33,GCA_016535705.2;GCA_016536425.2;GCA_016539245.2
Other,tse1,VFDB,3 (33.3%),3,33.33,GCA_001443265.1;GCA_001444225.1;GCA_001444265.1
Other,ACICU_RS00475,VFDB,3 (33.3%),3,33.33,GCA_014705785.1;GCA_014705825.1;GCA_014705885.1
Other,ACICU_RS00470*,VFDB,3 (33.3%),3,33.33,GCA_014705785.1;GCA_014705825.1;GCA_014705885.1
Other,ACICU_RS00465,VFDB,3 (33.3%),3,33.33,GCA_014705785.1;GCA_014705825.1;GCA_014705885.1
Other,ACICU_RS00460,VFDB,3 (33.3%),3,33.33,GCA_014705785.1;GCA_014705825.1;GCA_014705885.1
Other,ACICU_RS00455*,VFDB,3 (33.3%),3,33.33,GCA_014705785.1;GCA_014705825.1;GCA_014705885.1
Other,ACICU_RS00450,VFDB,3 (33.3%),3,33.33,GCA_014705785.1;GCA_014705825.1;GCA_014705885.1
Other,ACICU_RS00445,VFDB,3 (33.3%),3,33.33,GCA_014705785.1;GCA_014705825.1;GCA_014705885.1
Other,pseI,VFDB,3 (33.3%),3,33.33,GCA_014705785.1;GCA_014705825.1;GCA_014705885.1
Other,pseH,VFDB,3 (33.3%),3,33.33,GCA_014705785.1;GCA_014705825.1;GCA_014705885.1
Other,pseG,VFDB,3 (33.3%),3,33.33,GCA_014705785.1;GCA_014705825.1;GCA_014705885.1
Other,pseF,VFDB,3 (33.3%),3,33.33,GCA_014705785.1;GCA_014705825.1;GCA_014705885.1
Other,pseC,VFDB,3 (33.3%),3,33.33,GCA_014705785.1;GCA_014705825.1;GCA_014705885.1
Other,pseB,VFDB,3 (33.3%),3,33.33,GCA_014705785.1;GCA_014705825.1;GCA_014705885.1
Other,tviB,VFDB,3 (33.3%),3,33.33,GCA_014705785.1;GCA_014705825.1;GCA_014705885.1
Other,ADC-186,CARD,3 (33.3%),3,33.33,GCA_001443265.1;GCA_001444225.1;GCA_001444265.1
Other,ADC-30,CARD,3 (33.3%),3,33.33,GCA_014705785.1;GCA_014705825.1;GCA_014705885.1
Other,OXA-66,CARD,3 (33.3%),3,33.33,GCA_014705785.1;GCA_014705825.1;GCA_014705885.1
Other,OXA-317,CARD,2 (22.2%),2,22.22,GCA_016536425.2;GCA_016539245.2
Other,wtpC-BAC0604,BACMET2,2 (22.2%),2,22.22,GCA_016536425.2;GCA_016539245.2
Other,blaMCA,AMRfinder,1 (11.1%),1,11.11,GCA_016536425.2
Other,MCA,MEGARES,1 (11.1%),1,11.11,GCA_016536425.2
Other,ADC-11,CARD,1 (11.1%),1,11.11,GCA_016535705.2
Other,ADC-176,CARD,1 (11.1%),1,11.11,GCA_016535705.2
Other,ADC-96,CARD,1 (11.1%),1,11.11,GCA_016539245.2
Other,ADC-88,CARD,1 (11.1%),1,11.11,GCA_016536425.2
Other,blaMCA,NCBI,1 (11.1%),1,11.11,GCA_016536425.2
Other,mtrE-BAC0259,BACMET2,1 (11.1%),1,11.11,GCA_016539245.2
Other,smdB-BAC0354,BACMET2,1 (11.1%),1,11.11,GCA_001444225.1
Other,klaB/telA/kilB-BAC0199,BACMET2,1 (11.1%),1,11.11,GCA_001444225.1
Other,vexH-BAC0509,BACMET2,1 (11.1%),1,11.11,GCA_014705825.1
Other,dsbA-BAC0136,BACMET2,1 (11.1%),1,11.11,GCA_001444265.1
Efflux Pumps,amvA,AMRfinder,9 (100.0%),9,100.0,GCA_001443265.1;GCA_001444225.1;GCA_001444265.1;GCA_014705785.1;GCA_014705825.1;GCA_014705885.1;GCA_016535705.2;GCA_016536425.2;GCA_016539245.2
Efflux Pumps,adeG,VFDB,9 (100.0%),9,100.0,GCA_001443265.1;GCA_001444225.1;GCA_001444265.1;GCA_014705785.1;GCA_014705825.1;GCA_014705885.1;GCA_016535705.2;GCA_016536425.2;GCA_016539245.2
Efflux Pumps,adeF,VFDB,9 (100.0%),9,100.0,GCA_001443265.1;GCA_001444225.1;GCA_001444265.1;GCA_014705785.1;GCA_014705825.1;GCA_014705885.1;GCA_016535705.2;GCA_016536425.2;GCA_016539245.2
Efflux Pumps,MEXT,MEGARES,9 (100.0%),9,100.0,GCA_001443265.1;GCA_001444225.1;GCA_001444265.1;GCA_014705785.1;GCA_014705825.1;GCA_014705885.1;GCA_016535705.2;GCA_016536425.2;GCA_016539245.2
Efflux Pumps,ADEG,MEGARES,9 (100.0%),9,100.0,GCA_001443265.1;GCA_001444225.1;GCA_001444265.1;GCA_014705785.1;GCA_014705825.1;GCA_014705885.1;GCA_016535705.2;GCA_016536425.2;GCA_016539245.2
Efflux Pumps,ADEF,MEGARES,9 (100.0%),9,100.0,GCA_001443265.1;GCA_001444225.1;GCA_001444265.1;GCA_014705785.1;GCA_014705825.1;GCA_014705885.1;GCA_016535705.2;GCA_016536425.2;GCA_016539245.2
Efflux Pumps,ADEL,MEGARES,9 (100.0%),9,100.0,GCA_001443265.1;GCA_001444225.1;GCA_001444265.1;GCA_014705785.1;GCA_014705825.1;GCA_014705885.1;GCA_016535705.2;GCA_016536425.2;GCA_016539245.2
Efflux Pumps,ABES,MEGARES,9 (100.0%),9,100.0,GCA_001443265.1;GCA_001444225.1;GCA_001444265.1;GCA_014705785.1;GCA_014705825.1;GCA_014705885.1;GCA_016535705.2;GCA_016536425.2;GCA_016539245.2
Efflux Pumps,AMVA,MEGARES,9 (100.0%),9,100.0,GCA_001443265.1;GCA_001444225.1;GCA_001444265.1;GCA_014705785.1;GCA_014705825.1;GCA_014705885.1;GCA_016535705.2;GCA_016536425.2;GCA_016539245.2
Efflux Pumps,ABEM,MEGARES,9 (100.0%),9,100.0,GCA_001443265.1;GCA_001444225.1;GCA_001444265.1;GCA_014705785.1;GCA_014705825.1;GCA_014705885.1;GCA_016535705.2;GCA_016536425.2;GCA_016539245.2
Efflux Pumps,ADEI,MEGARES,9 (100.0%),9,100.0,GCA_001443265.1;GCA_001444225.1;GCA_001444265.1;GCA_014705785.1;GCA_014705825.1;GCA_014705885.1;GCA_016535705.2;GCA_016536425.2;GCA_016539245.2
Efflux Pumps,adeF,CARD,9 (100.0%),9,100.0,GCA_001443265.1;GCA_001444225.1;GCA_001444265.1;GCA_014705785.1;GCA_014705825.1;GCA_014705885.1;GCA_016535705.2;GCA_016536425.2;GCA_016539245.2
Efflux Pumps,adeG,CARD,9 (100.0%),9,100.0,GCA_001443265.1;GCA_001444225.1;GCA_001444265.1;GCA_014705785.1;GCA_014705825.1;GCA_014705885.1;GCA_016535705.2;GCA_016536425.2;GCA_016539245.2
Efflux Pumps,adeL,CARD,9 (100.0%),9,100.0,GCA_001443265.1;GCA_001444225.1;GCA_001444265.1;GCA_014705785.1;GCA_014705825.1;GCA_014705885.1;GCA_016535705.2;GCA_016536425.2;GCA_016539245.2
Efflux Pumps,abeS,CARD,9 (100.0%),9,100.0,GCA_001443265.1;GCA_001444225.1;GCA_001444265.1;GCA_014705785.1;GCA_014705825.1;GCA_014705885.1;GCA_016535705.2;GCA_016536425.2;GCA_016539245.2
Efflux Pumps,Acinetobacter_baumannii_AmvA,CARD,9 (100.0%),9,100.0,GCA_001443265.1;GCA_001444225.1;GCA_001444265.1;GCA_014705785.1;GCA_014705825.1;GCA_014705885.1;GCA_016535705.2;GCA_016536425.2;GCA_016539245.2
Efflux Pumps,abeM,CARD,9 (100.0%),9,100.0,GCA_001443265.1;GCA_001444225.1;GCA_001444265.1;GCA_014705785.1;GCA_014705825.1;GCA_014705885.1;GCA_016535705.2;GCA_016536425.2;GCA_016539245.2
Efflux Pumps,adeI,CARD,9 (100.0%),9,100.0,GCA_001443265.1;GCA_001444225.1;GCA_001444265.1;GCA_014705785.1;GCA_014705825.1;GCA_014705885.1;GCA_016535705.2;GCA_016536425.2;GCA_016539245.2
Efflux Pumps,mexT-BAC0244,BACMET2,9 (100.0%),9,100.0,GCA_001443265.1;GCA_001444225.1;GCA_001444265.1;GCA_014705785.1;GCA_014705825.1;GCA_014705885.1;GCA_016535705.2;GCA_016536425.2;GCA_016539245.2
Efflux Pumps,mdeA-BAC0207,BACMET2,9 (100.0%),9,100.0,GCA_001443265.1;GCA_001444225.1;GCA_001444265.1;GCA_014705785.1;GCA_014705825.1;GCA_014705885.1;GCA_016535705.2;GCA_016536425.2;GCA_016539245.2
Efflux Pumps,adeL-BAC0508,BACMET2,9 (100.0%),9,100.0,GCA_001443265.1;GCA_001444225.1;GCA_001444265.1;GCA_014705785.1;GCA_014705825.1;GCA_014705885.1;GCA_016535705.2;GCA_016536425.2;GCA_016539245.2
Efflux Pumps,adeG-BAC0015,BACMET2,9 (100.0%),9,100.0,GCA_001443265.1;GCA_001444225.1;GCA_001444265.1;GCA_014705785.1;GCA_014705825.1;GCA_014705885.1;GCA_016535705.2;GCA_016536425.2;GCA_016539245.2
Efflux Pumps,adeF-BAC0014,BACMET2,9 (100.0%),9,100.0,GCA_001443265.1;GCA_001444225.1;GCA_001444265.1;GCA_014705785.1;GCA_014705825.1;GCA_014705885.1;GCA_016535705.2;GCA_016536425.2;GCA_016539245.2
Efflux Pumps,abeS-BAC0002,BACMET2,9 (100.0%),9,100.0,GCA_001443265.1;GCA_001444225.1;GCA_001444265.1;GCA_014705785.1;GCA_014705825.1;GCA_014705885.1;GCA_016535705.2;GCA_016536425.2;GCA_016539245.2
Efflux Pumps,amvA-BAC0025,BACMET2,9 (100.0%),9,100.0,GCA_001443265.1;GCA_001444225.1;GCA_001444265.1;GCA_014705785.1;GCA_014705825.1;GCA_014705885.1;GCA_016535705.2;GCA_016536425.2;GCA_016539245.2
Efflux Pumps,mexJ-BAC0241,BACMET2,9 (100.0%),9,100.0,GCA_001443265.1;GCA_001444225.1;GCA_001444265.1;GCA_014705785.1;GCA_014705825.1;GCA_014705885.1;GCA_016535705.2;GCA_016536425.2;GCA_016539245.2
Efflux Pumps,mexK-BAC0242,BACMET2,9 (100.0%),9,100.0,GCA_001443265.1;GCA_001444225.1;GCA_001444265.1;GCA_014705785.1;GCA_014705825.1;GCA_014705885.1;GCA_016535705.2;GCA_016536425.2;GCA_016539245.2
Efflux Pumps,mdfA/cmr-BAC0208,BACMET2,9 (100.0%),9,100.0,GCA_001443265.1;GCA_001444225.1;GCA_001444265.1;GCA_014705785.1;GCA_014705825.1;GCA_014705885.1;GCA_016535705.2;GCA_016536425.2;GCA_016539245.2
Efflux Pumps,abeM-BAC0001,BACMET2,9 (100.0%),9,100.0,GCA_001443265.1;GCA_001444225.1;GCA_001444265.1;GCA_014705785.1;GCA_014705825.1;GCA_014705885.1;GCA_016535705.2;GCA_016536425.2;GCA_016539245.2
Efflux Pumps,adeI-BAC0017,BACMET2,9 (100.0%),9,100.0,GCA_001443265.1;GCA_001444225.1;GCA_001444265.1;GCA_014705785.1;GCA_014705825.1;GCA_014705885.1;GCA_016535705.2;GCA_016536425.2;GCA_016539245.2
Efflux Pumps,mdtN/yjcR-BAC0220,BACMET2,8 (88.9%),8,88.89,GCA_001443265.1;GCA_001444225.1;GCA_014705785.1;GCA_014705825.1;GCA_014705885.1;GCA_016535705.2;GCA_016536425.2;GCA_016539245.2
Efflux Pumps,adeH,VFDB,6 (66.7%),6,66.67,GCA_014705785.1;GCA_014705825.1;GCA_014705885.1;GCA_016535705.2;GCA_016536425.2;GCA_016539245.2
Efflux Pumps,ADEH,MEGARES,6 (66.7%),6,66.67,GCA_014705785.1;GCA_014705825.1;GCA_014705885.1;GCA_016535705.2;GCA_016536425.2;GCA_016539245.2
Efflux Pumps,adeH,CARD,6 (66.7%),6,66.67,GCA_014705785.1;GCA_014705825.1;GCA_014705885.1;GCA_016535705.2;GCA_016536425.2;GCA_016539245.2
Efflux Pumps,adeH-BAC0016,BACMET2,6 (66.7%),6,66.67,GCA_014705785.1;GCA_014705825.1;GCA_014705885.1;GCA_016535705.2;GCA_016536425.2;GCA_016539245.2
BACMET2 Other,nreB,AMRfinder,9 (100.0%),9,100.0,GCA_001443265.1;GCA_001444225.1;GCA_001444265.1;GCA_014705785.1;GCA_014705825.1;GCA_014705885.1;GCA_016535705.2;GCA_016536425.2;GCA_016539245.2
BACMET2 Other,fpvA-BAC0169,BACMET2,9 (100.0%),9,100.0,GCA_001443265.1;GCA_001444225.1;GCA_001444265.1;GCA_014705785.1;GCA_014705825.1;GCA_014705885.1;GCA_016535705.2;GCA_016536425.2;GCA_016539245.2
BACMET2 Other,pitA-BAC0312,BACMET2,9 (100.0%),9,100.0,GCA_001443265.1;GCA_001444225.1;GCA_001444265.1;GCA_014705785.1;GCA_014705825.1;GCA_014705885.1;GCA_016535705.2;GCA_016536425.2;GCA_016539245.2
BACMET2 Other,zraR/hydH-BAC0467,BACMET2,9 (100.0%),9,100.0,GCA_001443265.1;GCA_001444225.1;GCA_001444265.1;GCA_014705785.1;GCA_014705825.1;GCA_014705885.1;GCA_016535705.2;GCA_016536425.2;GCA_016539245.2
BACMET2 Other,fptA-BAC0168,BACMET2,9 (100.0%),9,100.0,GCA_001443265.1;GCA_001444225.1;GCA_001444265.1;GCA_014705785.1;GCA_014705825.1;GCA_014705885.1;GCA_016535705.2;GCA_016536425.2;GCA_016539245.2
BACMET2 Other,corA-BAC0641,BACMET2,9 (100.0%),9,100.0,GCA_001443265.1;GCA_001444225.1;GCA_001444265.1;GCA_014705785.1;GCA_014705825.1;GCA_014705885.1;GCA_016535705.2;GCA_016536425.2;GCA_016539245.2
BACMET2 Other,fecE-BAC0164,BACMET2,9 (100.0%),9,100.0,GCA_001443265.1;GCA_001444225.1;GCA_001444265.1;GCA_014705785.1;GCA_014705825.1;GCA_014705885.1;GCA_016535705.2;GCA_016536425.2;GCA_016539245.2
BACMET2 Other,corC-BAC0088,BACMET2,9 (100.0%),9,100.0,GCA_001443265.1;GCA_001444225.1;GCA_001444265.1;GCA_014705785.1;GCA_014705825.1;GCA_014705885.1;GCA_016535705.2;GCA_016536425.2;GCA_016539245.2
BACMET2 Other,frnE-BAC0170,BACMET2,9 (100.0%),9,100.0,GCA_001443265.1;GCA_001444225.1;GCA_001444265.1;GCA_014705785.1;GCA_014705825.1;GCA_014705885.1;GCA_016535705.2;GCA_016536425.2;GCA_016539245.2
BACMET2 Other,corR-BAC0089,BACMET2,9 (100.0%),9,100.0,GCA_001443265.1;GCA_001444225.1;GCA_001444265.1;GCA_014705785.1;GCA_014705825.1;GCA_014705885.1;GCA_016535705.2;GCA_016536425.2;GCA_016539245.2
BACMET2 Other,znuB/yebI-BAC0464,BACMET2,9 (100.0%),9,100.0,GCA_001443265.1;GCA_001444225.1;GCA_001444265.1;GCA_014705785.1;GCA_014705825.1;GCA_014705885.1;GCA_016535705.2;GCA_016536425.2;GCA_016539245.2
BACMET2 Other,znuC/yebM-BAC0465,BACMET2,9 (100.0%),9,100.0,GCA_001443265.1;GCA_001444225.1;GCA_001444265.1;GCA_014705785.1;GCA_014705825.1;GCA_014705885.1;GCA_016535705.2;GCA_016536425.2;GCA_016539245.2
BACMET2 Other,nreB-BAC0285,BACMET2,9 (100.0%),9,100.0,GCA_001443265.1;GCA_001444225.1;GCA_001444265.1;GCA_014705785.1;GCA_014705825.1;GCA_014705885.1;GCA_016535705.2;GCA_016536425.2;GCA_016539245.2
BACMET2 Other,nccN-BAC0554,BACMET2,3 (33.3%),3,33.33,GCA_014705785.1;GCA_014705825.1;GCA_014705885.1
Environmental Aminoglycoside Resistance,ant(3'')-IIa,AMRfinder,9 (100.0%),9,100.0,GCA_001443265.1;GCA_001444225.1;GCA_001444265.1;GCA_014705785.1;GCA_014705825.1;GCA_014705885.1;GCA_016535705.2;GCA_016536425.2;GCA_016539245.2
Environmental Aminoglycoside Resistance,ANT3-DPRIME,MEGARES,9 (100.0%),9,100.0,GCA_001443265.1;GCA_001444225.1;GCA_001444265.1;GCA_014705785.1;GCA_014705825.1;GCA_014705885.1;GCA_016535705.2;GCA_016536425.2;GCA_016539245.2
Environmental Aminoglycoside Resistance,APH3-DPRIME,MEGARES,9 (100.0%),9,100.0,GCA_001443265.1;GCA_001444225.1;GCA_001444265.1;GCA_014705785.1;GCA_014705825.1;GCA_014705885.1;GCA_016535705.2;GCA_016536425.2;GCA_016539245.2
Environmental Aminoglycoside Resistance,ant(3'')-IIa,ARGANNOT,9 (100.0%),9,100.0,GCA_001443265.1;GCA_001444225.1;GCA_001444265.1;GCA_014705785.1;GCA_014705825.1;GCA_014705885.1;GCA_016535705.2;GCA_016536425.2;GCA_016539245.2
Environmental Aminoglycoside Resistance,ANT(3'')-IIa,CARD,9 (100.0%),9,100.0,GCA_001443265.1;GCA_001444225.1;GCA_001444265.1;GCA_014705785.1;GCA_014705825.1;GCA_014705885.1;GCA_016535705.2;GCA_016536425.2;GCA_016539245.2
Environmental Aminoglycoside Resistance,ant(3'')-IIa,NCBI,9 (100.0%),9,100.0,GCA_001443265.1;GCA_001444225.1;GCA_001444265.1;GCA_014705785.1;GCA_014705825.1;GCA_014705885.1;GCA_016535705.2;GCA_016536425.2;GCA_016539245.2
Environmental Aminoglycoside Resistance,ant(2'')-Ia,AMRfinder,6 (66.7%),6,66.67,GCA_001443265.1;GCA_001444225.1;GCA_001444265.1;GCA_014705825.1;GCA_016536425.2;GCA_016539245.2
Environmental Aminoglycoside Resistance,aph(3')-Ia,AMRfinder,6 (66.7%),6,66.67,GCA_001443265.1;GCA_001444225.1;GCA_001444265.1;GCA_014705785.1;GCA_014705885.1;GCA_016535705.2
Environmental Aminoglycoside Resistance,ANT2-DPRIME,MEGARES,6 (66.7%),6,66.67,GCA_001443265.1;GCA_001444225.1;GCA_001444265.1;GCA_014705825.1;GCA_016536425.2;GCA_016539245.2
Environmental Aminoglycoside Resistance,aph(3'')-Ia,ARGANNOT,6 (66.7%),6,66.67,GCA_001443265.1;GCA_001444225.1;GCA_001444265.1;GCA_014705785.1;GCA_014705885.1;GCA_016535705.2
Environmental Aminoglycoside Resistance,aadB,ARGANNOT,6 (66.7%),6,66.67,GCA_001443265.1;GCA_001444225.1;GCA_001444265.1;GCA_014705825.1;GCA_016536425.2;GCA_016539245.2
Environmental Aminoglycoside Resistance,APH(3')-Ia,CARD,6 (66.7%),6,66.67,GCA_001443265.1;GCA_001444225.1;GCA_001444265.1;GCA_014705785.1;GCA_014705885.1;GCA_016535705.2
Environmental Aminoglycoside Resistance,ANT(2'')-Ia,CARD,6 (66.7%),6,66.67,GCA_001443265.1;GCA_001444225.1;GCA_001444265.1;GCA_014705825.1;GCA_016536425.2;GCA_016539245.2
Environmental Aminoglycoside Resistance,aph(3')-Ia,NCBI,6 (66.7%),6,66.67,GCA_001443265.1;GCA_001444225.1;GCA_001444265.1;GCA_014705785.1;GCA_014705885.1;GCA_016535705.2
Environmental Aminoglycoside Resistance,ant(2'')-Ia,NCBI,6 (66.7%),6,66.67,GCA_001443265.1;GCA_001444225.1;GCA_001444265.1;GCA_014705825.1;GCA_016536425.2;GCA_016539245.2
Environmental Aminoglycoside Resistance,aph(3')-Ia_7,RESFINDER,6 (66.7%),6,66.67,GCA_001443265.1;GCA_001444225.1;GCA_001444265.1;GCA_014705785.1;GCA_014705885.1;GCA_016535705.2
Environmental Aminoglycoside Resistance,aph(3'')-Ib,AMRfinder,5 (55.6%),5,55.56,GCA_014705785.1;GCA_014705825.1;GCA_014705885.1;GCA_016536425.2;GCA_016539245.2
Environmental Aminoglycoside Resistance,aph(6)-Id,AMRfinder,5 (55.6%),5,55.56,GCA_014705785.1;GCA_014705825.1;GCA_014705885.1;GCA_016536425.2;GCA_016539245.2
Environmental Aminoglycoside Resistance,aph(3')-VIa,AMRfinder,5 (55.6%),5,55.56,GCA_001443265.1;GCA_001444225.1;GCA_001444265.1;GCA_016536425.2;GCA_016539245.2
Environmental Aminoglycoside Resistance,APH6,MEGARES,5 (55.6%),5,55.56,GCA_014705785.1;GCA_014705825.1;GCA_014705885.1;GCA_016536425.2;GCA_016539245.2
Environmental Aminoglycoside Resistance,APH3-PRIME,MEGARES,5 (55.6%),5,55.56,GCA_001443265.1;GCA_001444225.1;GCA_001444265.1;GCA_016536425.2;GCA_016539245.2
Environmental Aminoglycoside Resistance,aphA6,ARGANNOT,5 (55.6%),5,55.56,GCA_001443265.1;GCA_001444225.1;GCA_001444265.1;GCA_016536425.2;GCA_016539245.2
Environmental Aminoglycoside Resistance,APH(3'')-Ib,CARD,5 (55.6%),5,55.56,GCA_014705785.1;GCA_014705825.1;GCA_014705885.1;GCA_016536425.2;GCA_016539245.2
Environmental Aminoglycoside Resistance,APH(6)-Id,CARD,5 (55.6%),5,55.56,GCA_014705785.1;GCA_014705825.1;GCA_014705885.1;GCA_016536425.2;GCA_016539245.2
Environmental Aminoglycoside Resistance,APH(3')-VIa,CARD,5 (55.6%),5,55.56,GCA_001443265.1;GCA_001444225.1;GCA_001444265.1;GCA_016536425.2;GCA_016539245.2
Environmental Aminoglycoside Resistance,aph(3'')-Ib,NCBI,5 (55.6%),5,55.56,GCA_014705785.1;GCA_014705825.1;GCA_014705885.1;GCA_016536425.2;GCA_016539245.2
Environmental Aminoglycoside Resistance,aph(6)-Id,NCBI,5 (55.6%),5,55.56,GCA_014705785.1;GCA_014705825.1;GCA_014705885.1;GCA_016536425.2;GCA_016539245.2
Environmental Aminoglycoside Resistance,aph(3')-VI,NCBI,5 (55.6%),5,55.56,GCA_001443265.1;GCA_001444225.1;GCA_001444265.1;GCA_016536425.2;GCA_016539245.2
Environmental Aminoglycoside Resistance,aph(3'')-Ib_2,RESFINDER,5 (55.6%),5,55.56,GCA_014705785.1;GCA_014705825.1;GCA_014705885.1;GCA_016536425.2;GCA_016539245.2
Environmental Aminoglycoside Resistance,aph(6)-Id_1,RESFINDER,5 (55.6%),5,55.56,GCA_014705785.1;GCA_014705825.1;GCA_014705885.1;GCA_016536425.2;GCA_016539245.2
Environmental Aminoglycoside Resistance,ant(2'')-Ia_13,RESFINDER,5 (55.6%),5,55.56,GCA_001443265.1;GCA_001444225.1;GCA_001444265.1;GCA_016536425.2;GCA_016539245.2
Environmental Aminoglycoside Resistance,aph(3')-VI_1,RESFINDER,5 (55.6%),5,55.56,GCA_001443265.1;GCA_001444225.1;GCA_001444265.1;GCA_016536425.2;GCA_016539245.2
Environmental Aminoglycoside Resistance,aadA1,AMRfinder,4 (44.4%),4,44.44,GCA_014705785.1;GCA_014705825.1;GCA_014705885.1;GCA_016535705.2
Environmental Aminoglycoside Resistance,aacA16,AMRfinder,3 (33.3%),3,33.33,GCA_014705785.1;GCA_014705825.1;GCA_014705885.1
Environmental Aminoglycoside Resistance,aac(3)-Ia,AMRfinder,3 (33.3%),3,33.33,GCA_014705785.1;GCA_014705885.1;GCA_016535705.2
Environmental Aminoglycoside Resistance,AAC3,MEGARES,3 (33.3%),3,33.33,GCA_014705785.1;GCA_014705885.1;GCA_016535705.2
Environmental Aminoglycoside Resistance,AAC6-PRIME,MEGARES,3 (33.3%),3,33.33,GCA_014705785.1;GCA_014705825.1;GCA_014705885.1
Environmental Aminoglycoside Resistance,aadA1-pm,ARGANNOT,3 (33.3%),3,33.33,GCA_014705785.1;GCA_014705885.1;GCA_016535705.2
Environmental Aminoglycoside Resistance,aac3-I,ARGANNOT,3 (33.3%),3,33.33,GCA_014705785.1;GCA_014705885.1;GCA_016535705.2
Environmental Aminoglycoside Resistance,aac6-Iaf,ARGANNOT,3 (33.3%),3,33.33,GCA_014705785.1;GCA_014705825.1;GCA_014705885.1
Environmental Aminoglycoside Resistance,aadA,CARD,3 (33.3%),3,33.33,GCA_014705785.1;GCA_014705885.1;GCA_016535705.2
Environmental Aminoglycoside Resistance,AAC(3)-Ia,CARD,3 (33.3%),3,33.33,GCA_014705785.1;GCA_014705885.1;GCA_016535705.2
Environmental Aminoglycoside Resistance,AAC(6')-Iaf,CARD,3 (33.3%),3,33.33,GCA_014705785.1;GCA_014705825.1;GCA_014705885.1
Environmental Aminoglycoside Resistance,aadA1,NCBI,3 (33.3%),3,33.33,GCA_014705785.1;GCA_014705885.1;GCA_016535705.2
Environmental Aminoglycoside Resistance,aac(3)-Ia,NCBI,3 (33.3%),3,33.33,GCA_014705785.1;GCA_014705885.1;GCA_016535705.2
Environmental Aminoglycoside Resistance,aac(6')-Ip,NCBI,3 (33.3%),3,33.33,GCA_014705785.1;GCA_014705825.1;GCA_014705885.1
Environmental Aminoglycoside Resistance,ant(3'')-Ia_1,RESFINDER,3 (33.3%),3,33.33,GCA_014705785.1;GCA_014705885.1;GCA_016535705.2
Environmental Aminoglycoside Resistance,aac(3)-Ia_1,RESFINDER,3 (33.3%),3,33.33,GCA_014705785.1;GCA_014705885.1;GCA_016535705.2
Environmental Aminoglycoside Resistance,aac(6')-Iaf_1,RESFINDER,3 (33.3%),3,33.33,GCA_014705785.1;GCA_014705825.1;GCA_014705885.1
Environmental Aminoglycoside Resistance,aph(3')-VIa,NCBI,1 (11.1%),1,11.11,GCA_001444225.1
Environmental Aminoglycoside Resistance,aph(3')-VIa_1,RESFINDER,1 (11.1%),1,11.11,GCA_001444225.1
Environmental Aminoglycoside Resistance,ant(2'')-Ia_1,RESFINDER,1 (11.1%),1,11.11,GCA_014705825.1
Environmental Sulfonamide Resistance,sul2,AMRfinder,8 (88.9%),8,88.89,GCA_001443265.1;GCA_001444225.1;GCA_001444265.1;GCA_014705785.1;GCA_014705825.1;GCA_014705885.1;GCA_016536425.2;GCA_016539245.2
Environmental Sulfonamide Resistance,sul2,ARGANNOT,8 (88.9%),8,88.89,GCA_001443265.1;GCA_001444225.1;GCA_001444265.1;GCA_014705785.1;GCA_014705825.1;GCA_014705885.1;GCA_016536425.2;GCA_016539245.2
Environmental Sulfonamide Resistance,sul2,CARD,8 (88.9%),8,88.89,GCA_001443265.1;GCA_001444225.1;GCA_001444265.1;GCA_014705785.1;GCA_014705825.1;GCA_014705885.1;GCA_016536425.2;GCA_016539245.2
Environmental Sulfonamide Resistance,sul2,NCBI,8 (88.9%),8,88.89,GCA_001443265.1;GCA_001444225.1;GCA_001444265.1;GCA_014705785.1;GCA_014705825.1;GCA_014705885.1;GCA_016536425.2;GCA_016539245.2
Environmental Sulfonamide Resistance,sul2_2,RESFINDER,8 (88.9%),8,88.89,GCA_001443265.1;GCA_001444225.1;GCA_001444265.1;GCA_014705785.1;GCA_014705825.1;GCA_014705885.1;GCA_016536425.2;GCA_016539245.2
Environmental Sulfonamide Resistance,sul1,AMRfinder,4 (44.4%),4,44.44,GCA_014705785.1;GCA_014705825.1;GCA_014705885.1;GCA_016535705.2
Environmental Sulfonamide Resistance,sul1,ARGANNOT,4 (44.4%),4,44.44,GCA_014705785.1;GCA_014705825.1;GCA_014705885.1;GCA_016535705.2
Environmental Sulfonamide Resistance,sul1,CARD,4 (44.4%),4,44.44,GCA_014705785.1;GCA_014705825.1;GCA_014705885.1;GCA_016535705.2
Environmental Sulfonamide Resistance,sul1,NCBI,4 (44.4%),4,44.44,GCA_014705785.1;GCA_014705825.1;GCA_014705885.1;GCA_016535705.2
Environmental Sulfonamide Resistance,sul1_5,RESFINDER,4 (44.4%),4,44.44,GCA_014705785.1;GCA_014705825.1;GCA_014705885.1;GCA_016535705.2
Tigecycline Resistance,ADEN,MEGARES,9 (100.0%),9,100.0,GCA_001443265.1;GCA_001444225.1;GCA_001444265.1;GCA_014705785.1;GCA_014705825.1;GCA_014705885.1;GCA_016535705.2;GCA_016536425.2;GCA_016539245.2
Tigecycline Resistance,ADES,MEGARES,9 (100.0%),9,100.0,GCA_001443265.1;GCA_001444225.1;GCA_001444265.1;GCA_014705785.1;GCA_014705825.1;GCA_014705885.1;GCA_016535705.2;GCA_016536425.2;GCA_016539245.2
Tigecycline Resistance,ADER,MEGARES,9 (100.0%),9,100.0,GCA_001443265.1;GCA_001444225.1;GCA_001444265.1;GCA_014705785.1;GCA_014705825.1;GCA_014705885.1;GCA_016535705.2;GCA_016536425.2;GCA_016539245.2
Tigecycline Resistance,ADEA,MEGARES,9 (100.0%),9,100.0,GCA_001443265.1;GCA_001444225.1;GCA_001444265.1;GCA_014705785.1;GCA_014705825.1;GCA_014705885.1;GCA_016535705.2;GCA_016536425.2;GCA_016539245.2
Tigecycline Resistance,ADEB,MEGARES,9 (100.0%),9,100.0,GCA_001443265.1;GCA_001444225.1;GCA_001444265.1;GCA_014705785.1;GCA_014705825.1;GCA_014705885.1;GCA_016535705.2;GCA_016536425.2;GCA_016539245.2
Tigecycline Resistance,ADET2,MEGARES,9 (100.0%),9,100.0,GCA_001443265.1;GCA_001444225.1;GCA_001444265.1;GCA_014705785.1;GCA_014705825.1;GCA_014705885.1;GCA_016535705.2;GCA_016536425.2;GCA_016539245.2
Tigecycline Resistance,ADEJ,MEGARES,9 (100.0%),9,100.0,GCA_001443265.1;GCA_001444225.1;GCA_001444265.1;GCA_014705785.1;GCA_014705825.1;GCA_014705885.1;GCA_016535705.2;GCA_016536425.2;GCA_016539245.2
Tigecycline Resistance,ADEK,MEGARES,9 (100.0%),9,100.0,GCA_001443265.1;GCA_001444225.1;GCA_001444265.1;GCA_014705785.1;GCA_014705825.1;GCA_014705885.1;GCA_016535705.2;GCA_016536425.2;GCA_016539245.2
Tigecycline Resistance,adeN,CARD,9 (100.0%),9,100.0,GCA_001443265.1;GCA_001444225.1;GCA_001444265.1;GCA_014705785.1;GCA_014705825.1;GCA_014705885.1;GCA_016535705.2;GCA_016536425.2;GCA_016539245.2
Tigecycline Resistance,adeS,CARD,9 (100.0%),9,100.0,GCA_001443265.1;GCA_001444225.1;GCA_001444265.1;GCA_014705785.1;GCA_014705825.1;GCA_014705885.1;GCA_016535705.2;GCA_016536425.2;GCA_016539245.2
Tigecycline Resistance,adeR,CARD,9 (100.0%),9,100.0,GCA_001443265.1;GCA_001444225.1;GCA_001444265.1;GCA_014705785.1;GCA_014705825.1;GCA_014705885.1;GCA_016535705.2;GCA_016536425.2;GCA_016539245.2
Tigecycline Resistance,adeA,CARD,9 (100.0%),9,100.0,GCA_001443265.1;GCA_001444225.1;GCA_001444265.1;GCA_014705785.1;GCA_014705825.1;GCA_014705885.1;GCA_016535705.2;GCA_016536425.2;GCA_016539245.2
Tigecycline Resistance,adeB,CARD,9 (100.0%),9,100.0,GCA_001443265.1;GCA_001444225.1;GCA_001444265.1;GCA_014705785.1;GCA_014705825.1;GCA_014705885.1;GCA_016535705.2;GCA_016536425.2;GCA_016539245.2
Tigecycline Resistance,adeJ,CARD,9 (100.0%),9,100.0,GCA_001443265.1;GCA_001444225.1;GCA_001444265.1;GCA_014705785.1;GCA_014705825.1;GCA_014705885.1;GCA_016535705.2;GCA_016536425.2;GCA_016539245.2
Tigecycline Resistance,adeK,CARD,9 (100.0%),9,100.0,GCA_001443265.1;GCA_001444225.1;GCA_001444265.1;GCA_014705785.1;GCA_014705825.1;GCA_014705885.1;GCA_016535705.2;GCA_016536425.2;GCA_016539245.2
Tigecycline Resistance,adeN-BAC0496,BACMET2,9 (100.0%),9,100.0,GCA_001443265.1;GCA_001444225.1;GCA_001444265.1;GCA_014705785.1;GCA_014705825.1;GCA_014705885.1;GCA_016535705.2;GCA_016536425.2;GCA_016539245.2
Tigecycline Resistance,adeA-BAC0471,BACMET2,9 (100.0%),9,100.0,GCA_001443265.1;GCA_001444225.1;GCA_001444265.1;GCA_014705785.1;GCA_014705825.1;GCA_014705885.1;GCA_016535705.2;GCA_016536425.2;GCA_016539245.2
Tigecycline Resistance,adeB-BAC0472,BACMET2,9 (100.0%),9,100.0,GCA_001443265.1;GCA_001444225.1;GCA_001444265.1;GCA_014705785.1;GCA_014705825.1;GCA_014705885.1;GCA_016535705.2;GCA_016536425.2;GCA_016539245.2
Tigecycline Resistance,adeT2-BAC0479,BACMET2,9 (100.0%),9,100.0,GCA_001443265.1;GCA_001444225.1;GCA_001444265.1;GCA_014705785.1;GCA_014705825.1;GCA_014705885.1;GCA_016535705.2;GCA_016536425.2;GCA_016539245.2
Tigecycline Resistance,adeJ-BAC0018,BACMET2,9 (100.0%),9,100.0,GCA_001443265.1;GCA_001444225.1;GCA_001444265.1;GCA_014705785.1;GCA_014705825.1;GCA_014705885.1;GCA_016535705.2;GCA_016536425.2;GCA_016539245.2
Tigecycline Resistance,adeK-BAC0019,BACMET2,9 (100.0%),9,100.0,GCA_001443265.1;GCA_001444225.1;GCA_001444265.1;GCA_014705785.1;GCA_014705825.1;GCA_014705885.1;GCA_016535705.2;GCA_016536425.2;GCA_016539245.2
Tigecycline Resistance,adeT1-BAC0478,BACMET2,9 (100.0%),9,100.0,GCA_001443265.1;GCA_001444225.1;GCA_001444265.1;GCA_014705785.1;GCA_014705825.1;GCA_014705885.1;GCA_016535705.2;GCA_016536425.2;GCA_016539245.2
Tigecycline Resistance,adeC,AMRfinder,7 (77.8%),7,77.78,GCA_001443265.1;GCA_001444225.1;GCA_001444265.1;GCA_014705785.1;GCA_014705825.1;GCA_014705885.1;GCA_016535705.2
Tigecycline Resistance,ADEC,MEGARES,7 (77.8%),7,77.78,GCA_001443265.1;GCA_001444225.1;GCA_001444265.1;GCA_014705785.1;GCA_014705825.1;GCA_014705885.1;GCA_016535705.2
Tigecycline Resistance,adeC,CARD,7 (77.8%),7,77.78,GCA_001443265.1;GCA_001444225.1;GCA_001444265.1;GCA_014705785.1;GCA_014705825.1;GCA_014705885.1;GCA_016535705.2
Tigecycline Resistance,adeC-BAC0473,BACMET2,7 (77.8%),7,77.78,GCA_001443265.1;GCA_001444225.1;GCA_001444265.1;GCA_014705785.1;GCA_014705825.1;GCA_014705885.1;GCA_016535705.2
Tigecycline Resistance,ADET1,MEGARES,5 (55.6%),5,55.56,GCA_014705785.1;GCA_014705825.1;GCA_014705885.1;GCA_016536425.2;GCA_016539245.2
Tigecycline Resistance,tet(B),AMRfinder,3 (33.3%),3,33.33,GCA_014705785.1;GCA_014705825.1;GCA_014705885.1
Tigecycline Resistance,tet(B),CARD,3 (33.3%),3,33.33,GCA_014705785.1;GCA_014705825.1;GCA_014705885.1
Tigecycline Resistance,tet(B),NCBI,3 (33.3%),3,33.33,GCA_014705785.1;GCA_014705825.1;GCA_014705885.1
Tigecycline Resistance,tet(B)_1,RESFINDER,3 (33.3%),3,33.33,GCA_014705785.1;GCA_014705825.1;GCA_014705885.1
Tigecycline Resistance,adeS_H189Y,AMRfinder,2 (22.2%),2,22.22,GCA_016536425.2;GCA_016539245.2
Tigecycline Resistance,tet(39),AMRfinder,2 (22.2%),2,22.22,GCA_016536425.2;GCA_016539245.2
Tigecycline Resistance,tet(39),ARGANNOT,2 (22.2%),2,22.22,GCA_016536425.2;GCA_016539245.2
Tigecycline Resistance,tet(39),CARD,2 (22.2%),2,22.22,GCA_016536425.2;GCA_016539245.2
Tigecycline Resistance,tet(39),NCBI,2 (22.2%),2,22.22,GCA_016536425.2;GCA_016539245.2
Tigecycline Resistance,tet(39)_2,RESFINDER,2 (22.2%),2,22.22,GCA_016536425.2;GCA_016539245.2
Tigecycline Resistance,tet(A),AMRfinder,1 (11.1%),1,11.11,GCA_016535705.2
Tigecycline Resistance,tet(A),CARD,1 (11.1%),1,11.11,GCA_016535705.2
Tigecycline Resistance,tet(A),NCBI,1 (11.1%),1,11.11,GCA_016535705.2
Tigecycline Resistance,tet(A)_6,RESFINDER,1 (11.1%),1,11.11,GCA_016535705.2
Environmental Macrolide Resistance,dmeF-BAC0132,BACMET2,7 (77.8%),7,77.78,GCA_001443265.1;GCA_001444225.1;GCA_001444265.1;GCA_014705785.1;GCA_014705825.1;GCA_014705885.1;GCA_016535705.2
Environmental Macrolide Resistance,msr(E),AMRfinder,4 (44.4%),4,44.44,GCA_001443265.1;GCA_001444225.1;GCA_001444265.1;GCA_014705825.1
Environmental Macrolide Resistance,MSRE,MEGARES,4 (44.4%),4,44.44,GCA_001443265.1;GCA_001444225.1;GCA_001444265.1;GCA_014705825.1
Environmental Macrolide Resistance,msr(E),ARGANNOT,4 (44.4%),4,44.44,GCA_001443265.1;GCA_001444225.1;GCA_001444265.1;GCA_014705825.1
Environmental Macrolide Resistance,msrE,CARD,4 (44.4%),4,44.44,GCA_001443265.1;GCA_001444225.1;GCA_001444265.1;GCA_014705825.1
Environmental Macrolide Resistance,msr(E),NCBI,4 (44.4%),4,44.44,GCA_001443265.1;GCA_001444225.1;GCA_001444265.1;GCA_014705825.1
Environmental Macrolide Resistance,msr(E)_1,RESFINDER,4 (44.4%),4,44.44,GCA_001443265.1;GCA_001444225.1;GCA_001444265.1;GCA_014705825.1
Biocide Resistance (BACMET2),qacEdelta1,AMRfinder,4 (44.4%),4,44.44,GCA_014705785.1;GCA_014705825.1;GCA_014705885.1;GCA_016535705.2
Biocide Resistance (BACMET2),qacEdelta1,CARD,4 (44.4%),4,44.44,GCA_014705785.1;GCA_014705825.1;GCA_014705885.1;GCA_016535705.2
Biocide Resistance (BACMET2),qacEdelta1-BAC0323,BACMET2,4 (44.4%),4,44.44,GCA_014705785.1;GCA_014705825.1;GCA_014705885.1;GCA_016535705.2
Biocide Resistance (BACMET2),qacE,AMRfinder,1 (11.1%),1,11.11,GCA_016535705.2
Biocide Resistance (BACMET2),qacE-BAC0322,BACMET2,1 (11.1%),1,11.11,GCA_016535705.2
ESBLs,blaTEM-1,AMRfinder,4 (44.4%),4,44.44,GCA_014705785.1;GCA_014705825.1;GCA_014705885.1;GCA_016535705.2
ESBLs,blaTEM-1D,ARGANNOT,4 (44.4%),4,44.44,GCA_014705785.1;GCA_014705825.1;GCA_014705885.1;GCA_016535705.2
ESBLs,blaTEM-12,NCBI,4 (44.4%),4,44.44,GCA_014705785.1;GCA_014705825.1;GCA_014705885.1;GCA_016535705.2
ESBLs,blaTEM-1D_1,RESFINDER,4 (44.4%),4,44.44,GCA_014705785.1;GCA_014705825.1;GCA_014705885.1;GCA_016535705.2
Metal Resistance (BACMET2),chrA-BAC0026,BACMET2,9 (100.0%),9,100.0,GCA_001443265.1;GCA_001444225.1;GCA_001444265.1;GCA_014705785.1;GCA_014705825.1;GCA_014705885.1;GCA_016535705.2;GCA_016536425.2;GCA_016539245.2
Metal Resistance (BACMET2),merA-BAC0651,BACMET2,9 (100.0%),9,100.0,GCA_001443265.1;GCA_001444225.1;GCA_001444265.1;GCA_014705785.1;GCA_014705825.1;GCA_014705885.1;GCA_016535705.2;GCA_016536425.2;GCA_016539245.2
Metal Resistance (BACMET2),nikE-BAC0274,BACMET2,9 (100.0%),9,100.0,GCA_001443265.1;GCA_001444225.1;GCA_001444265.1;GCA_014705785.1;GCA_014705825.1;GCA_014705885.1;GCA_016535705.2;GCA_016536425.2;GCA_016539245.2
Metal Resistance (BACMET2),nikD-BAC0273,BACMET2,9 (100.0%),9,100.0,GCA_001443265.1;GCA_001444225.1;GCA_001444265.1;GCA_014705785.1;GCA_014705825.1;GCA_014705885.1;GCA_016535705.2;GCA_016536425.2;GCA_016539245.2
Metal Resistance (BACMET2),nikB-BAC0271,BACMET2,9 (100.0%),9,100.0,GCA_001443265.1;GCA_001444225.1;GCA_001444265.1;GCA_014705785.1;GCA_014705825.1;GCA_014705885.1;GCA_016535705.2;GCA_016536425.2;GCA_016539245.2
Metal Resistance (BACMET2),arsT-BAC0714,BACMET2,9 (100.0%),9,100.0,GCA_001443265.1;GCA_001444225.1;GCA_001444265.1;GCA_014705785.1;GCA_014705825.1;GCA_014705885.1;GCA_016535705.2;GCA_016536425.2;GCA_016539245.2
Metal Resistance (BACMET2),arsB-BAC0573,BACMET2,9 (100.0%),9,100.0,GCA_001443265.1;GCA_001444225.1;GCA_001444265.1;GCA_014705785.1;GCA_014705825.1;GCA_014705885.1;GCA_016535705.2;GCA_016536425.2;GCA_016539245.2
Metal Resistance (BACMET2),arsC-BAC0584,BACMET2,9 (100.0%),9,100.0,GCA_001443265.1;GCA_001444225.1;GCA_001444265.1;GCA_014705785.1;GCA_014705825.1;GCA_014705885.1;GCA_016535705.2;GCA_016536425.2;GCA_016539245.2
Metal Resistance (BACMET2),pbrR-BAC0301,BACMET2,9 (100.0%),9,100.0,GCA_001443265.1;GCA_001444225.1;GCA_001444265.1;GCA_014705785.1;GCA_014705825.1;GCA_014705885.1;GCA_016535705.2;GCA_016536425.2;GCA_016539245.2
Metal Resistance (BACMET2),czcA-BAC0119,BACMET2,9 (100.0%),9,100.0,GCA_001443265.1;GCA_001444225.1;GCA_001444265.1;GCA_014705785.1;GCA_014705825.1;GCA_014705885.1;GCA_016535705.2;GCA_016536425.2;GCA_016539245.2
Metal Resistance (BACMET2),czcD-BAC0122,BACMET2,9 (100.0%),9,100.0,GCA_001443265.1;GCA_001444225.1;GCA_001444265.1;GCA_014705785.1;GCA_014705825.1;GCA_014705885.1;GCA_016535705.2;GCA_016536425.2;GCA_016539245.2
Metal Resistance (BACMET2),copF-BAC0747,BACMET2,6 (66.7%),6,66.67,GCA_001443265.1;GCA_001444225.1;GCA_001444265.1;GCA_016535705.2;GCA_016536425.2;GCA_016539245.2
Metal Resistance (BACMET2),czcR-BAC0125,BACMET2,5 (55.6%),5,55.56,GCA_014705785.1;GCA_014705825.1;GCA_014705885.1;GCA_016536425.2;GCA_016539245.2
Metal Resistance (BACMET2),silB-BAC0342,BACMET2,5 (55.6%),5,55.56,GCA_001443265.1;GCA_001444225.1;GCA_001444265.1;GCA_016536425.2;GCA_016539245.2
Metal Resistance (BACMET2),merT,AMRfinder,4 (44.4%),4,44.44,GCA_014705785.1;GCA_014705825.1;GCA_014705885.1;GCA_016535705.2
Metal Resistance (BACMET2),merD,AMRfinder,4 (44.4%),4,44.44,GCA_014705785.1;GCA_014705825.1;GCA_014705885.1;GCA_016535705.2
Metal Resistance (BACMET2),czcS-BAC0126,BACMET2,4 (44.4%),4,44.44,GCA_001443265.1;GCA_001444225.1;GCA_001444265.1;GCA_016535705.2
Metal Resistance (BACMET2),arsH-BAC0034,BACMET2,4 (44.4%),4,44.44,GCA_001443265.1;GCA_001444225.1;GCA_001444265.1;GCA_016535705.2
Metal Resistance (BACMET2),merP-BAC0678,BACMET2,4 (44.4%),4,44.44,GCA_014705785.1;GCA_014705825.1;GCA_014705885.1;GCA_016535705.2
Metal Resistance (BACMET2),merC-BAC0664,BACMET2,4 (44.4%),4,44.44,GCA_014705785.1;GCA_014705825.1;GCA_014705885.1;GCA_016535705.2
Metal Resistance (BACMET2),merA-BAC0652,BACMET2,4 (44.4%),4,44.44,GCA_014705785.1;GCA_014705825.1;GCA_014705885.1;GCA_016535705.2
Metal Resistance (BACMET2),merP,AMRfinder,3 (33.3%),3,33.33,GCA_014705785.1;GCA_014705825.1;GCA_014705885.1
Metal Resistance (BACMET2),arsC-BAC0585,BACMET2,3 (33.3%),3,33.33,GCA_001443265.1;GCA_001444225.1;GCA_001444265.1
Metal Resistance (BACMET2),arsB-BAC0579,BACMET2,3 (33.3%),3,33.33,GCA_001443265.1;GCA_001444225.1;GCA_001444265.1
Metal Resistance (BACMET2),merT-BAC0695,BACMET2,3 (33.3%),3,33.33,GCA_014705785.1;GCA_014705825.1;GCA_014705885.1
Metal Resistance (BACMET2),merA,AMRfinder,1 (11.1%),1,11.11,GCA_016535705.2
Metal Resistance (BACMET2),merE,AMRfinder,1 (11.1%),1,11.11,GCA_016535705.2
Metal Resistance (BACMET2),arsC-BAC0583,BACMET2,1 (11.1%),1,11.11,GCA_016535705.2
Metal Resistance (BACMET2),merT-BAC0233,BACMET2,1 (11.1%),1,11.11,GCA_016535705.2
Metal Resistance (BACMET2),merD-BAC0666,BACMET2,1 (11.1%),1,11.11,GCA_016535705.2
Metal Resistance (BACMET2),merE-BAC0672,BACMET2,1 (11.1%),1,11.11,GCA_016535705.2
Metal Resistance (BACMET2),cadR-BAC0058,BACMET2,1 (11.1%),1,11.11,GCA_016536425.2
AmpC,blaADC-25_1,RESFINDER,9 (100.0%),9,100.0,GCA_001443265.1;GCA_001444225.1;GCA_001444265.1;GCA_014705785.1;GCA_014705825.1;GCA_014705885.1;GCA_016535705.2;GCA_016536425.2;GCA_016539245.2
AmpC,blaADC,AMRfinder,4 (44.4%),4,44.44,GCA_001443265.1;GCA_001444225.1;GCA_001444265.1;GCA_016539245.2
AmpC,blaADC-30,AMRfinder,3 (33.3%),3,33.33,GCA_014705785.1;GCA_014705825.1;GCA_014705885.1
AmpC,blaADC-30,ARGANNOT,3 (33.3%),3,33.33,GCA_014705785.1;GCA_014705825.1;GCA_014705885.1
AmpC,blaADC-186,NCBI,3 (33.3%),3,33.33,GCA_001443265.1;GCA_001444225.1;GCA_001444265.1
AmpC,blaADC-30,NCBI,3 (33.3%),3,33.33,GCA_014705785.1;GCA_014705825.1;GCA_014705885.1
AmpC,blaADC-10,ARGANNOT,2 (22.2%),2,22.22,GCA_016535705.2;GCA_016539245.2
AmpC,blaADC-88,AMRfinder,1 (11.1%),1,11.11,GCA_016536425.2
AmpC,blaADC-11,AMRfinder,1 (11.1%),1,11.11,GCA_016535705.2
AmpC,blaADC-176,AMRfinder,1 (11.1%),1,11.11,GCA_016535705.2
AmpC,blaADC-75,ARGANNOT,1 (11.1%),1,11.11,GCA_016536425.2
AmpC,blaADC-11,NCBI,1 (11.1%),1,11.11,GCA_016535705.2
AmpC,blaADC-176,NCBI,1 (11.1%),1,11.11,GCA_016535705.2
AmpC,blaADC-96,NCBI,1 (11.1%),1,11.11,GCA_016539245.2
AmpC,blaADC-88,NCBI,1 (11.1%),1,11.11,GCA_016536425.2
Carbapenemases,blaOXA-69,AMRfinder,4 (44.4%),4,44.44,GCA_001443265.1;GCA_001444225.1;GCA_001444265.1;GCA_016535705.2
Carbapenemases,blaOXA-23,AMRfinder,4 (44.4%),4,44.44,GCA_001443265.1;GCA_001444225.1;GCA_001444265.1;GCA_016535705.2
Carbapenemases,blaOXA-69,ARGANNOT,4 (44.4%),4,44.44,GCA_001443265.1;GCA_001444225.1;GCA_001444265.1;GCA_016535705.2
Carbapenemases,blaOXA-23,ARGANNOT,4 (44.4%),4,44.44,GCA_001443265.1;GCA_001444225.1;GCA_001444265.1;GCA_016535705.2
Carbapenemases,blaOXA-69,NCBI,4 (44.4%),4,44.44,GCA_001443265.1;GCA_001444225.1;GCA_001444265.1;GCA_016535705.2
Carbapenemases,blaOXA-23,NCBI,4 (44.4%),4,44.44,GCA_001443265.1;GCA_001444225.1;GCA_001444265.1;GCA_016535705.2
Carbapenemases,blaOXA-69_1,RESFINDER,4 (44.4%),4,44.44,GCA_001443265.1;GCA_001444225.1;GCA_001444265.1;GCA_016535705.2
Carbapenemases,blaOXA-23_1,RESFINDER,4 (44.4%),4,44.44,GCA_001443265.1;GCA_001444225.1;GCA_001444265.1;GCA_016535705.2
Carbapenemases,blaOXA-66,AMRfinder,3 (33.3%),3,33.33,GCA_014705785.1;GCA_014705825.1;GCA_014705885.1
Carbapenemases,blaOXA-66,ARGANNOT,3 (33.3%),3,33.33,GCA_014705785.1;GCA_014705825.1;GCA_014705885.1
Carbapenemases,blaOXA-66,NCBI,3 (33.3%),3,33.33,GCA_014705785.1;GCA_014705825.1;GCA_014705885.1
Carbapenemases,blaOXA-66_1,RESFINDER,3 (33.3%),3,33.33,GCA_014705785.1;GCA_014705825.1;GCA_014705885.1
Carbapenemases,blaOXA-317,AMRfinder,2 (22.2%),2,22.22,GCA_016536425.2;GCA_016539245.2
Carbapenemases,blaOXA-91,ARGANNOT,2 (22.2%),2,22.22,GCA_016536425.2;GCA_016539245.2
Carbapenemases,blaOXA-317,NCBI,2 (22.2%),2,22.22,GCA_016536425.2;GCA_016539245.2
Carbapenemases,blaOXA-317_1,RESFINDER,2 (22.2%),2,22.22,GCA_016536425.2;GCA_016539245.2
Antibiotic Resistance,SULII,MEGARES,8 (88.9%),8,88.89,GCA_001443265.1;GCA_001444225.1;GCA_001444265.1;GCA_014705785.1;GCA_014705825.1;GCA_014705885.1;GCA_016536425.2;GCA_016539245.2
Antibiotic Resistance,SULI,MEGARES,4 (44.4%),4,44.44,GCA_014705785.1;GCA_014705825.1;GCA_014705885.1;GCA_016535705.2
Antibiotic Resistance,dfrA44,AMRfinder,3 (33.3%),3,33.33,GCA_001443265.1;GCA_001444225.1;GCA_001444265.1
Antibiotic Resistance,dfrA44,NCBI,3 (33.3%),3,33.33,GCA_001443265.1;GCA_001444225.1;GCA_001444265.1
Antibiotic Resistance,CATA,MEGARES,1 (11.1%),1,11.11,GCA_016535705.2
Environmental Chloramphenicol Resistance,catB3,AMRfinder,1 (11.1%),1,11.11,GCA_014705825.1
Environmental Chloramphenicol Resistance,catA1,AMRfinder,1 (11.1%),1,11.11,GCA_016535705.2
Environmental Chloramphenicol Resistance,catA1,ARGANNOT,1 (11.1%),1,11.11,GCA_016535705.2
Environmental Chloramphenicol Resistance,catB3,ARGANNOT,1 (11.1%),1,11.11,GCA_014705825.1
Environmental Chloramphenicol Resistance,catA1,CARD,1 (11.1%),1,11.11,GCA_016535705.2
Environmental Chloramphenicol Resistance,catB3,CARD,1 (11.1%),1,11.11,GCA_014705825.1
Environmental Chloramphenicol Resistance,catA1,NCBI,1 (11.1%),1,11.11,GCA_016535705.2
Environmental Chloramphenicol Resistance,catB3,NCBI,1 (11.1%),1,11.11,GCA_014705825.1
Environmental Chloramphenicol Resistance,catA1_1,RESFINDER,1 (11.1%),1,11.11,GCA_016535705.2
Environmental Chloramphenicol Resistance,catB3_2,RESFINDER,1 (11.1%),1,11.11,GCA_014705825.1
Environmental Trimethoprim Resistance,dfrA19,AMRfinder,1 (11.1%),1,11.11,GCA_014705825.1
Environmental Trimethoprim Resistance,dfrA19,ARGANNOT,1 (11.1%),1,11.11,GCA_014705825.1
Environmental Trimethoprim Resistance,dfrA19,CARD,1 (11.1%),1,11.11,GCA_014705825.1
Environmental Trimethoprim Resistance,dfrA19,NCBI,1 (11.1%),1,11.11,GCA_014705825.1
Environmental Trimethoprim Resistance,dfrA19_2,RESFINDER,1 (11.1%),1,11.11,GCA_014705825.1
Colistin Resistance,lpxD,VFDB,9 (100.0%),9,100.0,GCA_001443265.1;GCA_001444225.1;GCA_001444265.1;GCA_014705785.1;GCA_014705825.1;GCA_014705885.1;GCA_016535705.2;GCA_016536425.2;GCA_016539245.2
Colistin Resistance,lpxA,VFDB,9 (100.0%),9,100.0,GCA_001443265.1;GCA_001444225.1;GCA_001444265.1;GCA_014705785.1;GCA_014705825.1;GCA_014705885.1;GCA_016535705.2;GCA_016536425.2;GCA_016539245.2
Colistin Resistance,lpxC,VFDB,9 (100.0%),9,100.0,GCA_001443265.1;GCA_001444225.1;GCA_001444265.1;GCA_014705785.1;GCA_014705825.1;GCA_014705885.1;GCA_016535705.2;GCA_016536425.2;GCA_016539245.2
Colistin Resistance,lpxM,VFDB,9 (100.0%),9,100.0,GCA_001443265.1;GCA_001444225.1;GCA_001444265.1;GCA_014705785.1;GCA_014705825.1;GCA_014705885.1;GCA_016535705.2;GCA_016536425.2;GCA_016539245.2
Colistin Resistance,lpxL,VFDB,9 (100.0%),9,100.0,GCA_001443265.1;GCA_001444225.1;GCA_001444265.1;GCA_014705785.1;GCA_014705825.1;GCA_014705885.1;GCA_016535705.2;GCA_016536425.2;GCA_016539245.2
Colistin Resistance,pmrA-BAC0487,BACMET2,9 (100.0%),9,100.0,GCA_001443265.1;GCA_001444225.1;GCA_001444265.1;GCA_014705785.1;GCA_014705825.1;GCA_014705885.1;GCA_016535705.2;GCA_016536425.2;GCA_016539245.2
Colistin Resistance,pmrC-BAC0485,BACMET2,9 (100.0%),9,100.0,GCA_001443265.1;GCA_001444225.1;GCA_001444265.1;GCA_014705785.1;GCA_014705825.1;GCA_014705885.1;GCA_016535705.2;GCA_016536425.2;GCA_016539245.2
Colistin Resistance,pmrB-BAC0488,BACMET2,7 (77.8%),7,77.78,GCA_001443265.1;GCA_001444225.1;GCA_001444265.1;GCA_014705785.1;GCA_014705825.1;GCA_014705885.1;GCA_016535705.2
Colistin Resistance,pmrB_T232I,AMRfinder,1 (11.1%),1,11.11,GCA_001443265.1
Biofilm Formation,csuA/B,VFDB,9 (100.0%),9,100.0,GCA_001443265.1;GCA_001444225.1;GCA_001444265.1;GCA_014705785.1;GCA_014705825.1;GCA_014705885.1;GCA_016535705.2;GCA_016536425.2;GCA_016539245.2
Biofilm Formation,csuA,VFDB,9 (100.0%),9,100.0,GCA_001443265.1;GCA_001444225.1;GCA_001444265.1;GCA_014705785.1;GCA_014705825.1;GCA_014705885.1;GCA_016535705.2;GCA_016536425.2;GCA_016539245.2
Biofilm Formation,csuB,VFDB,9 (100.0%),9,100.0,GCA_001443265.1;GCA_001444225.1;GCA_001444265.1;GCA_014705785.1;GCA_014705825.1;GCA_014705885.1;GCA_016535705.2;GCA_016536425.2;GCA_016539245.2
Biofilm Formation,csuC,VFDB,9 (100.0%),9,100.0,GCA_001443265.1;GCA_001444225.1;GCA_001444265.1;GCA_014705785.1;GCA_014705825.1;GCA_014705885.1;GCA_016535705.2;GCA_016536425.2;GCA_016539245.2
Biofilm Formation,csuD,VFDB,9 (100.0%),9,100.0,GCA_001443265.1;GCA_001444225.1;GCA_001444265.1;GCA_014705785.1;GCA_014705825.1;GCA_014705885.1;GCA_016535705.2;GCA_016536425.2;GCA_016539245.2
Biofilm Formation,csuE,VFDB,9 (100.0%),9,100.0,GCA_001443265.1;GCA_001444225.1;GCA_001444265.1;GCA_014705785.1;GCA_014705825.1;GCA_014705885.1;GCA_016535705.2;GCA_016536425.2;GCA_016539245.2
Biofilm Formation,pgaA,VFDB,9 (100.0%),9,100.0,GCA_001443265.1;GCA_001444225.1;GCA_001444265.1;GCA_014705785.1;GCA_014705825.1;GCA_014705885.1;GCA_016535705.2;GCA_016536425.2;GCA_016539245.2
Biofilm Formation,pgaB,VFDB,9 (100.0%),9,100.0,GCA_001443265.1;GCA_001444225.1;GCA_001444265.1;GCA_014705785.1;GCA_014705825.1;GCA_014705885.1;GCA_016535705.2;GCA_016536425.2;GCA_016539245.2
Biofilm Formation,pgaC,VFDB,9 (100.0%),9,100.0,GCA_001443265.1;GCA_001444225.1;GCA_001444265.1;GCA_014705785.1;GCA_014705825.1;GCA_014705885.1;GCA_016535705.2;GCA_016536425.2;GCA_016539245.2
Biofilm Formation,pgaD,VFDB,9 (100.0%),9,100.0,GCA_001443265.1;GCA_001444225.1;GCA_001444265.1;GCA_014705785.1;GCA_014705825.1;GCA_014705885.1;GCA_016535705.2;GCA_016536425.2;GCA_016539245.2
Biofilm Formation,pilE,VFDB,9 (100.0%),9,100.0,GCA_001443265.1;GCA_001444225.1;GCA_001444265.1;GCA_014705785.1;GCA_014705825.1;GCA_014705885.1;GCA_016535705.2;GCA_016536425.2;GCA_016539245.2
Biofilm Formation,pilB,VFDB,9 (100.0%),9,100.0,GCA_001443265.1;GCA_001444225.1;GCA_001444265.1;GCA_014705785.1;GCA_014705825.1;GCA_014705885.1;GCA_016535705.2;GCA_016536425.2;GCA_016539245.2
Biofilm Formation,pilC,VFDB,9 (100.0%),9,100.0,GCA_001443265.1;GCA_001444225.1;GCA_001444265.1;GCA_014705785.1;GCA_014705825.1;GCA_014705885.1;GCA_016535705.2;GCA_016536425.2;GCA_016539245.2
Biofilm Formation,gspO/pilD,VFDB,9 (100.0%),9,100.0,GCA_001443265.1;GCA_001444225.1;GCA_001444265.1;GCA_014705785.1;GCA_014705825.1;GCA_014705885.1;GCA_016535705.2;GCA_016536425.2;GCA_016539245.2
Biofilm Formation,bfmS,VFDB,9 (100.0%),9,100.0,GCA_001443265.1;GCA_001444225.1;GCA_001444265.1;GCA_014705785.1;GCA_014705825.1;GCA_014705885.1;GCA_016535705.2;GCA_016536425.2;GCA_016539245.2
Biofilm Formation,bfmR,VFDB,9 (100.0%),9,100.0,GCA_001443265.1;GCA_001444225.1;GCA_001444265.1;GCA_014705785.1;GCA_014705825.1;GCA_014705885.1;GCA_016535705.2;GCA_016536425.2;GCA_016539245.2
Biofilm Formation,ompA,VFDB,9 (100.0%),9,100.0,GCA_001443265.1;GCA_001444225.1;GCA_001444265.1;GCA_014705785.1;GCA_014705825.1;GCA_014705885.1;GCA_016535705.2;GCA_016536425.2;GCA_016539245.2
Biofilm Formation,pilF,VFDB,9 (100.0%),9,100.0,GCA_001443265.1;GCA_001444225.1;GCA_001444265.1;GCA_014705785.1;GCA_014705825.1;GCA_014705885.1;GCA_016535705.2;GCA_016536425.2;GCA_016539245.2
Biofilm Formation,abaI,VFDB,9 (100.0%),9,100.0,GCA_001443265.1;GCA_001444225.1;GCA_001444265.1;GCA_014705785.1;GCA_014705825.1;GCA_014705885.1;GCA_016535705.2;GCA_016536425.2;GCA_016539245.2
Biofilm Formation,abaR,VFDB,9 (100.0%),9,100.0,GCA_001443265.1;GCA_001444225.1;GCA_001444265.1;GCA_014705785.1;GCA_014705825.1;GCA_014705885.1;GCA_016535705.2;GCA_016536425.2;GCA_016539245.2
Biofilm Formation,bap,VFDB,5 (55.6%),5,55.56,GCA_014705785.1;GCA_014705825.1;GCA_014705885.1;GCA_016536425.2;GCA_016539245.2
Biofilm Formation,pilA,VFDB,3 (33.3%),3,33.33,GCA_014705785.1;GCA_014705825.1;GCA_014705885.1
Virulence Factors,fimU,VFDB,9 (100.0%),9,100.0,GCA_001443265.1;GCA_001444225.1;GCA_001444265.1;GCA_014705785.1;GCA_014705825.1;GCA_014705885.1;GCA_016535705.2;GCA_016536425.2;GCA_016539245.2
Virulence Factors,fimV,VFDB,9 (100.0%),9,100.0,GCA_001443265.1;GCA_001444225.1;GCA_001444265.1;GCA_014705785.1;GCA_014705825.1;GCA_014705885.1;GCA_016535705.2;GCA_016536425.2;GCA_016539245.2
Virulence Factors,fimT,VFDB,9 (100.0%),9,100.0,GCA_001443265.1;GCA_001444225.1;GCA_001444265.1;GCA_014705785.1;GCA_014705825.1;GCA_014705885.1;GCA_016535705.2;GCA_016536425.2;GCA_016539245.2
Environmental Tetracycline Resistance,TETB,MEGARES,3 (33.3%),3,33.33,GCA_014705785.1;GCA_014705825.1;GCA_014705885.1
Environmental Tetracycline Resistance,tetB,ARGANNOT,3 (33.3%),3,33.33,GCA_014705785.1;GCA_014705825.1;GCA_014705885.1
Environmental Tetracycline Resistance,TET39,MEGARES,2 (22.2%),2,22.22,GCA_016536425.2;GCA_016539245.2
Environmental Tetracycline Resistance,TETA,MEGARES,1 (11.1%),1,11.11,GCA_016535705.2
Environmental Tetracycline Resistance,tetA,ARGANNOT,1 (11.1%),1,11.11,GCA_016535705.2
Environmental Tetracycline Resistance,tetR,ARGANNOT,1 (11.1%),1,11.11,GCA_016535705.2
Environmental Co-Selection,lmrS-BAC0535,BACMET2,9 (100.0%),9,100.0,GCA_001443265.1;GCA_001444225.1;GCA_001444265.1;GCA_014705785.1;GCA_014705825.1;GCA_014705885.1;GCA_016535705.2;GCA_016536425.2;GCA_016539245.2
Environmental Co-Selection,oxyRkp-BAC0536,BACMET2,9 (100.0%),9,100.0,GCA_001443265.1;GCA_001444225.1;GCA_001444265.1;GCA_014705785.1;GCA_014705825.1;GCA_014705885.1;GCA_016535705.2;GCA_016536425.2;GCA_016539245.2
Environmental Co-Selection,yddg/emrE-BAC0435,BACMET2,9 (100.0%),9,100.0,GCA_001443265.1;GCA_001444225.1;GCA_001444265.1;GCA_014705785.1;GCA_014705825.1;GCA_014705885.1;GCA_016535705.2;GCA_016536425.2;GCA_016539245.2
Environmental Co-Selection,emrAsm-BAC0499,BACMET2,9 (100.0%),9,100.0,GCA_001443265.1;GCA_001444225.1;GCA_001444265.1;GCA_014705785.1;GCA_014705825.1;GCA_014705885.1;GCA_016535705.2;GCA_016536425.2;GCA_016539245.2
Environmental Co-Selection,baeR-BAC0039,BACMET2,9 (100.0%),9,100.0,GCA_001443265.1;GCA_001444225.1;GCA_001444265.1;GCA_014705785.1;GCA_014705825.1;GCA_014705885.1;GCA_016535705.2;GCA_016536425.2;GCA_016539245.2
Environmental Co-Selection,cpxR-BAC0533,BACMET2,9 (100.0%),9,100.0,GCA_001443265.1;GCA_001444225.1;GCA_001444265.1;GCA_014705785.1;GCA_014705825.1;GCA_014705885.1;GCA_016535705.2;GCA_016536425.2;GCA_016539245.2
Environmental Co-Selection,sugE-BAC0378,BACMET2,9 (100.0%),9,100.0,GCA_001443265.1;GCA_001444225.1;GCA_001444265.1;GCA_014705785.1;GCA_014705825.1;GCA_014705885.1;GCA_016535705.2;GCA_016536425.2;GCA_016539245.2
Environmental Co-Selection,smeF-BAC0360,BACMET2,9 (100.0%),9,100.0,GCA_001443265.1;GCA_001444225.1;GCA_001444265.1;GCA_014705785.1;GCA_014705825.1;GCA_014705885.1;GCA_016535705.2;GCA_016536425.2;GCA_016539245.2
Environmental Co-Selection,emrBsm-BAC0500,BACMET2,7 (77.8%),7,77.78,GCA_001443265.1;GCA_001444225.1;GCA_001444265.1;GCA_014705785.1;GCA_014705825.1;GCA_014705885.1;GCA_016535705.2
Stress Response,soxR-BAC0370,BACMET2,9 (100.0%),9,100.0,GCA_001443265.1;GCA_001444225.1;GCA_001444265.1;GCA_014705785.1;GCA_014705825.1;GCA_014705885.1;GCA_016535705.2;GCA_016536425.2;GCA_016539245.2
