Protein id	Contig id	Start	Stop	Strand	Element symbol	Element name	Scope	Type	Subtype	Class	Subclass	Method	Target length	Reference sequence length	% Coverage of reference	% Identity to reference	Alignment length	Closest reference accession	Closest reference name	HMM accession	HMM description
NA	ENA|CP017152|CP017152.1	241815	244031	+	parC_E88K	Acinetobacter baumannii quinolone resistant ParC	core	AMR	POINT	QUINOLONE	QUINOLONE	POINTX	739	739	100.00	99.86	739	WP_000202259.1	DNA topoisomerase IV subunit A ParC	NA	NA
NA	ENA|CP017152|CP017152.1	241815	244031	+	parC_S84S	DNA topoisomerase IV subunit A ParC [WILDTYPE]	core	AMR	POINT	QUINOLONE	QUINOLONE	POINTX	739	739	100.00	99.86	739	WP_000202259.1	DNA topoisomerase IV subunit A ParC	NA	NA
NA	ENA|CP017152|CP017152.1	334413	338498	+	rpoB_N527D	DNA-directed RNA polymerase subunit beta RpoB [UNKNOWN]	core	AMR	POINT	NA	NA	POINTX	1362	1362	100.00	99.93	1362	WP_000331899.1	DNA-directed RNA polymerase subunit beta RpoB	NA	NA
NA	ENA|CP017152|CP017152.1	334413	338498	+	rpoB_S583S	DNA-directed RNA polymerase subunit beta RpoB [WILDTYPE]	core	AMR	POINT	RIFAMYCIN	RIFAMPIN	POINTX	1362	1362	100.00	99.93	1362	WP_000331899.1	DNA-directed RNA polymerase subunit beta RpoB	NA	NA
NA	ENA|CP017152|CP017152.1	1269154	1270080	+	pmrC_HS543SQ	phosphoethanolamine--lipid A transferase PmrC [UNKNOWN]	core	AMR	POINT	NA	NA	POINTX	309	549	56.28	98.06	309	WP_031946942.1	phosphoethanolamine--lipid A transferase PmrC	NA	NA
NA	ENA|CP017152|CP017152.1	1269154	1270080	+	pmrC_I535V	phosphoethanolamine--lipid A transferase PmrC [UNKNOWN]	core	AMR	POINT	NA	NA	POINTX	309	549	56.28	98.06	309	WP_031946942.1	phosphoethanolamine--lipid A transferase PmrC	NA	NA
NA	ENA|CP017152|CP017152.1	1269154	1270080	+	pmrC_L238P	phosphoethanolamine--lipid A transferase PmrC [UNKNOWN]	core	AMR	POINT	NA	NA	POINTX	309	549	56.28	98.06	309	WP_031946942.1	phosphoethanolamine--lipid A transferase PmrC	NA	NA
NA	ENA|CP017152|CP017152.1	1269154	1270080	+	pmrC_PQ537NK	phosphoethanolamine--lipid A transferase PmrC [UNKNOWN]	core	AMR	POINT	NA	NA	POINTX	309	549	56.28	98.06	309	WP_031946942.1	phosphoethanolamine--lipid A transferase PmrC	NA	NA
NA	ENA|CP017152|CP017152.1	2140531	2141271	+	adeR_A91A	efflux system response regulator transcription factor AdeR [WILDTYPE]	core	AMR	POINT	EFFLUX	EFFLUX	POINTX	247	247	100.00	97.98	247	WP_031379794.1	efflux system response regulator transcription factor AdeR	NA	NA
NA	ENA|CP017152|CP017152.1	2140531	2141271	+	adeR_AA136VT	efflux system response regulator transcription factor AdeR [UNKNOWN]	core	AMR	POINT	NA	NA	POINTX	247	247	100.00	97.98	247	WP_031379794.1	efflux system response regulator transcription factor AdeR	NA	NA
NA	ENA|CP017152|CP017152.1	2140531	2141271	+	adeR_D20D	efflux system response regulator transcription factor AdeR [WILDTYPE]	core	AMR	POINT	EFFLUX	EFFLUX	POINTX	247	247	100.00	97.98	247	WP_031379794.1	efflux system response regulator transcription factor AdeR	NA	NA
NA	ENA|CP017152|CP017152.1	2140531	2141271	+	adeR_E219E	efflux system response regulator transcription factor AdeR [WILDTYPE]	core	AMR	POINT	EFFLUX	EFFLUX	POINTX	247	247	100.00	97.98	247	WP_031379794.1	efflux system response regulator transcription factor AdeR	NA	NA
NA	ENA|CP017152|CP017152.1	2140531	2141271	+	adeR_I14V	efflux system response regulator transcription factor AdeR [UNKNOWN]	core	AMR	POINT	NA	NA	POINTX	247	247	100.00	97.98	247	WP_031379794.1	efflux system response regulator transcription factor AdeR	NA	NA
NA	ENA|CP017152|CP017152.1	2140531	2141271	+	adeR_I243V	efflux system response regulator transcription factor AdeR [UNKNOWN]	core	AMR	POINT	NA	NA	POINTX	247	247	100.00	97.98	247	WP_031379794.1	efflux system response regulator transcription factor AdeR	NA	NA
NA	ENA|CP017152|CP017152.1	2140531	2141271	+	adeR_L192L	efflux system response regulator transcription factor AdeR [WILDTYPE]	core	AMR	POINT	EFFLUX	EFFLUX	POINTX	247	247	100.00	97.98	247	WP_031379794.1	efflux system response regulator transcription factor AdeR	NA	NA
NA	ENA|CP017152|CP017152.1	2140531	2141271	+	adeR_P116P	efflux system response regulator transcription factor AdeR [WILDTYPE]	core	AMR	POINT	EFFLUX	EFFLUX	POINTX	247	247	100.00	97.98	247	WP_031379794.1	efflux system response regulator transcription factor AdeR	NA	NA
NA	ENA|CP017152|CP017152.1	2140531	2141271	+	adeR_P56P	efflux system response regulator transcription factor AdeR [WILDTYPE]	core	AMR	POINT	EFFLUX	EFFLUX	POINTX	247	247	100.00	97.98	247	WP_031379794.1	efflux system response regulator transcription factor AdeR	NA	NA
NA	ENA|CP017152|CP017152.1	2140531	2141271	+	adeR_V228I	efflux system response regulator transcription factor AdeR [UNKNOWN]	core	AMR	POINT	NA	NA	POINTX	247	247	100.00	97.98	247	WP_031379794.1	efflux system response regulator transcription factor AdeR	NA	NA
NA	ENA|CP017152|CP017152.1	2141306	2142376	+	adeS_F12F	two-component sensor histidine kinase AdeS [WILDTYPE]	core	AMR	POINT	TETRACYCLINE	TIGECYCLINE	POINTX	357	361	98.89	98.32	357	WP_031379793.1	two-component sensor histidine kinase AdeS	NA	NA
NA	ENA|CP017152|CP017152.1	2141306	2142376	+	adeS_G186V	two-component sensor histidine kinase AdeS [UNKNOWN]	core	AMR	POINT	NA	NA	POINTX	357	361	98.89	98.32	357	WP_031379793.1	two-component sensor histidine kinase AdeS	NA	NA
NA	ENA|CP017152|CP017152.1	2141306	2142376	+	adeS_G336G	two-component sensor histidine kinase AdeS [WILDTYPE]	core	AMR	POINT	EFFLUX	EFFLUX	POINTX	357	361	98.89	98.32	357	WP_031379793.1	two-component sensor histidine kinase AdeS	NA	NA
NA	ENA|CP017152|CP017152.1	2141306	2142376	+	adeS_GH356NN	two-component sensor histidine kinase AdeS [UNKNOWN]	core	AMR	POINT	NA	NA	POINTX	357	361	98.89	98.32	357	WP_031379793.1	two-component sensor histidine kinase AdeS	NA	NA
NA	ENA|CP017152|CP017152.1	2141306	2142376	+	adeS_H189H	two-component sensor histidine kinase AdeS [WILDTYPE]	core	AMR	POINT	EFFLUX	EFFLUX	POINTX	357	361	98.89	98.32	357	WP_031379793.1	two-component sensor histidine kinase AdeS	NA	NA
NA	ENA|CP017152|CP017152.1	2141306	2142376	+	adeS_H249R	two-component sensor histidine kinase AdeS [UNKNOWN]	core	AMR	POINT	NA	NA	POINTX	357	361	98.89	98.32	357	WP_031379793.1	two-component sensor histidine kinase AdeS	NA	NA
NA	ENA|CP017152|CP017152.1	2141306	2142376	+	adeS_I235V	two-component sensor histidine kinase AdeS [UNKNOWN]	core	AMR	POINT	NA	NA	POINTX	357	361	98.89	98.32	357	WP_031379793.1	two-component sensor histidine kinase AdeS	NA	NA
NA	ENA|CP017152|CP017152.1	2141306	2142376	+	adeS_I252I	two-component sensor histidine kinase AdeS [WILDTYPE]	core	AMR	POINT	EFFLUX	EFFLUX	POINTX	357	361	98.89	98.32	357	WP_031379793.1	two-component sensor histidine kinase AdeS	NA	NA
NA	ENA|CP017152|CP017152.1	2141306	2142376	+	adeS_N125N	two-component sensor histidine kinase AdeS [WILDTYPE]	core	AMR	POINT	EFFLUX	EFFLUX	POINTX	357	361	98.89	98.32	357	WP_031379793.1	two-component sensor histidine kinase AdeS	NA	NA
NA	ENA|CP017152|CP017152.1	2141306	2142376	+	adeS_Q163Q	two-component sensor histidine kinase AdeS [WILDTYPE]	core	AMR	POINT	EFFLUX	EFFLUX	POINTX	357	361	98.89	98.32	357	WP_031379793.1	two-component sensor histidine kinase AdeS	NA	NA
NA	ENA|CP017152|CP017152.1	2141306	2142376	+	adeS_R152R	two-component sensor histidine kinase AdeS [WILDTYPE]	core	AMR	POINT	EFFLUX	EFFLUX	POINTX	357	361	98.89	98.32	357	WP_031379793.1	two-component sensor histidine kinase AdeS	NA	NA
NA	ENA|CP017152|CP017152.1	2141306	2142376	+	adeS_T153T	two-component sensor histidine kinase AdeS [WILDTYPE]	core	AMR	POINT	EFFLUX	EFFLUX	POINTX	357	361	98.89	98.32	357	WP_031379793.1	two-component sensor histidine kinase AdeS	NA	NA
NA	ENA|CP017152|CP017152.1	2141306	2142376	+	adeS_V348I	two-component sensor histidine kinase AdeS [UNKNOWN]	core	AMR	POINT	NA	NA	POINTX	357	361	98.89	98.32	357	WP_031379793.1	two-component sensor histidine kinase AdeS	NA	NA
NA	ENA|CP017152|CP017152.1	2460602	2461387	-	lpxA_D233D	acyl-ACP--UDP-N-acetylglucosamine O-acyltransferase LpxA [WILDTYPE]	core	AMR	POINT	COLISTIN	COLISTIN	POINTX	262	262	100.00	100.00	262	WP_000064875.1	acyl-ACP--UDP-N-acetylglucosamine O-acyltransferase LpxA	NA	NA
NA	ENA|CP017152|CP017152.1	2460602	2461387	-	lpxA_G68G	acyl-ACP--UDP-N-acetylglucosamine O-acyltransferase LpxA [WILDTYPE]	core	AMR	POINT	COLISTIN	COLISTIN	POINTX	262	262	100.00	100.00	262	WP_000064875.1	acyl-ACP--UDP-N-acetylglucosamine O-acyltransferase LpxA	NA	NA
NA	ENA|CP017152|CP017152.1	2460602	2461387	-	lpxA_H159H	acyl-ACP--UDP-N-acetylglucosamine O-acyltransferase LpxA [WILDTYPE]	core	AMR	POINT	COLISTIN	COLISTIN	POINTX	262	262	100.00	100.00	262	WP_000064875.1	acyl-ACP--UDP-N-acetylglucosamine O-acyltransferase LpxA	NA	NA
NA	ENA|CP017152|CP017152.1	2460602	2461387	-	lpxA_Q72Q	acyl-ACP--UDP-N-acetylglucosamine O-acyltransferase LpxA [WILDTYPE]	core	AMR	POINT	COLISTIN	COLISTIN	POINTX	262	262	100.00	100.00	262	WP_000064875.1	acyl-ACP--UDP-N-acetylglucosamine O-acyltransferase LpxA	NA	NA
NA	ENA|CP017152|CP017152.1	2514604	2516202	-	pmrC_A54G	phosphoethanolamine--lipid A transferase PmrC [UNKNOWN]	core	AMR	POINT	NA	NA	POINTX	533	549	97.09	93.06	533	WP_031946942.1	phosphoethanolamine--lipid A transferase PmrC	NA	NA
NA	ENA|CP017152|CP017152.1	2514604	2516202	-	pmrC_AI28LF	phosphoethanolamine--lipid A transferase PmrC [UNKNOWN]	core	AMR	POINT	NA	NA	POINTX	533	549	97.09	93.06	533	WP_031946942.1	phosphoethanolamine--lipid A transferase PmrC	NA	NA
NA	ENA|CP017152|CP017152.1	2514604	2516202	-	pmrC_AI49SV	phosphoethanolamine--lipid A transferase PmrC [UNKNOWN]	core	AMR	POINT	NA	NA	POINTX	533	549	97.09	93.06	533	WP_031946942.1	phosphoethanolamine--lipid A transferase PmrC	NA	NA
NA	ENA|CP017152|CP017152.1	2514604	2516202	-	pmrC_F45N	phosphoethanolamine--lipid A transferase PmrC [UNKNOWN]	core	AMR	POINT	NA	NA	POINTX	533	549	97.09	93.06	533	WP_031946942.1	phosphoethanolamine--lipid A transferase PmrC	NA	NA
NA	ENA|CP017152|CP017152.1	2514604	2516202	-	pmrC_FM16LN	phosphoethanolamine--lipid A transferase PmrC [UNKNOWN]	core	AMR	POINT	NA	NA	POINTX	533	549	97.09	93.06	533	WP_031946942.1	phosphoethanolamine--lipid A transferase PmrC	NA	NA
NA	ENA|CP017152|CP017152.1	2514604	2516202	-	pmrC_HS543SQ	phosphoethanolamine--lipid A transferase PmrC [UNKNOWN]	core	AMR	POINT	NA	NA	POINTX	533	549	97.09	93.06	533	WP_031946942.1	phosphoethanolamine--lipid A transferase PmrC	NA	NA
NA	ENA|CP017152|CP017152.1	2514604	2516202	-	pmrC_I131V	phosphoethanolamine--lipid A transferase PmrC [UNKNOWN]	core	AMR	POINT	NA	NA	POINTX	533	549	97.09	93.06	533	WP_031946942.1	phosphoethanolamine--lipid A transferase PmrC	NA	NA
NA	ENA|CP017152|CP017152.1	2514604	2516202	-	pmrC_I535V	phosphoethanolamine--lipid A transferase PmrC [UNKNOWN]	core	AMR	POINT	NA	NA	POINTX	533	549	97.09	93.06	533	WP_031946942.1	phosphoethanolamine--lipid A transferase PmrC	NA	NA
NA	ENA|CP017152|CP017152.1	2514604	2516202	-	pmrC_IIA21LLS	phosphoethanolamine--lipid A transferase PmrC [UNKNOWN]	core	AMR	POINT	NA	NA	POINTX	533	549	97.09	93.06	533	WP_031946942.1	phosphoethanolamine--lipid A transferase PmrC	NA	NA
NA	ENA|CP017152|CP017152.1	2514604	2516202	-	pmrC_IL70LI	phosphoethanolamine--lipid A transferase PmrC [UNKNOWN]	core	AMR	POINT	NA	NA	POINTX	533	549	97.09	93.06	533	WP_031946942.1	phosphoethanolamine--lipid A transferase PmrC	NA	NA
NA	ENA|CP017152|CP017152.1	2514604	2516202	-	pmrC_PQ537NK	phosphoethanolamine--lipid A transferase PmrC [UNKNOWN]	core	AMR	POINT	NA	NA	POINTX	533	549	97.09	93.06	533	WP_031946942.1	phosphoethanolamine--lipid A transferase PmrC	NA	NA
NA	ENA|CP017152|CP017152.1	2514604	2516202	-	pmrC_Q510K	phosphoethanolamine--lipid A transferase PmrC [UNKNOWN]	core	AMR	POINT	NA	NA	POINTX	533	549	97.09	93.06	533	WP_031946942.1	phosphoethanolamine--lipid A transferase PmrC	NA	NA
NA	ENA|CP017152|CP017152.1	2514604	2516202	-	pmrC_Q533K	phosphoethanolamine--lipid A transferase PmrC [UNKNOWN]	core	AMR	POINT	NA	NA	POINTX	533	549	97.09	93.06	533	WP_031946942.1	phosphoethanolamine--lipid A transferase PmrC	NA	NA
NA	ENA|CP017152|CP017152.1	2514604	2516202	-	pmrC_R125R	phosphoethanolamine--lipid A transferase PmrC [WILDTYPE]	core	AMR	POINT	COLISTIN	COLISTIN	POINTX	533	549	97.09	93.06	533	WP_031946942.1	phosphoethanolamine--lipid A transferase PmrC	NA	NA
NA	ENA|CP017152|CP017152.1	2514604	2516202	-	pmrC_R230Q	phosphoethanolamine--lipid A transferase PmrC [UNKNOWN]	core	AMR	POINT	NA	NA	POINTX	533	549	97.09	93.06	533	WP_031946942.1	phosphoethanolamine--lipid A transferase PmrC	NA	NA
NA	ENA|CP017152|CP017152.1	2514604	2516202	-	pmrC_S14T	phosphoethanolamine--lipid A transferase PmrC [UNKNOWN]	core	AMR	POINT	NA	NA	POINTX	533	549	97.09	93.06	533	WP_031946942.1	phosphoethanolamine--lipid A transferase PmrC	NA	NA
NA	ENA|CP017152|CP017152.1	2514604	2516202	-	pmrC_T40Q	phosphoethanolamine--lipid A transferase PmrC [UNKNOWN]	core	AMR	POINT	NA	NA	POINTX	533	549	97.09	93.06	533	WP_031946942.1	phosphoethanolamine--lipid A transferase PmrC	NA	NA
NA	ENA|CP017152|CP017152.1	2514604	2516202	-	pmrC_T63A	phosphoethanolamine--lipid A transferase PmrC [UNKNOWN]	core	AMR	POINT	NA	NA	POINTX	533	549	97.09	93.06	533	WP_031946942.1	phosphoethanolamine--lipid A transferase PmrC	NA	NA
NA	ENA|CP017152|CP017152.1	2514604	2516202	-	pmrC_V100I	phosphoethanolamine--lipid A transferase PmrC [UNKNOWN]	core	AMR	POINT	NA	NA	POINTX	533	549	97.09	93.06	533	WP_031946942.1	phosphoethanolamine--lipid A transferase PmrC	NA	NA
NA	ENA|CP017152|CP017152.1	2514604	2516202	-	pmrC_V151A	phosphoethanolamine--lipid A transferase PmrC [UNKNOWN]	core	AMR	POINT	NA	NA	POINTX	533	549	97.09	93.06	533	WP_031946942.1	phosphoethanolamine--lipid A transferase PmrC	NA	NA
NA	ENA|CP017152|CP017152.1	2514604	2516202	-	pmrC_V47I	phosphoethanolamine--lipid A transferase PmrC [UNKNOWN]	core	AMR	POINT	NA	NA	POINTX	533	549	97.09	93.06	533	WP_031946942.1	phosphoethanolamine--lipid A transferase PmrC	NA	NA
NA	ENA|CP017152|CP017152.1	2514604	2516202	-	pmrC_V61I	phosphoethanolamine--lipid A transferase PmrC [UNKNOWN]	core	AMR	POINT	NA	NA	POINTX	533	549	97.09	93.06	533	WP_031946942.1	phosphoethanolamine--lipid A transferase PmrC	NA	NA
NA	ENA|CP017152|CP017152.1	2514604	2516202	-	pmrC_YAVL65NLIF	phosphoethanolamine--lipid A transferase PmrC [UNKNOWN]	core	AMR	POINT	NA	NA	POINTX	533	549	97.09	93.06	533	WP_031946942.1	phosphoethanolamine--lipid A transferase PmrC	NA	NA
NA	ENA|CP017152|CP017152.1	2514604	2516202	-	pmrC_YHQV35FKKI	phosphoethanolamine--lipid A transferase PmrC [UNKNOWN]	core	AMR	POINT	NA	NA	POINTX	533	549	97.09	93.06	533	WP_031946942.1	phosphoethanolamine--lipid A transferase PmrC	NA	NA
NA	ENA|CP017152|CP017152.1	2900832	2901860	-	adeL_G27G	multidrug efflux transcriptional repressor AdeL [WILDTYPE]	core	AMR	POINT	TETRACYCLINE	TIGECYCLINE	POINTX	343	343	100.00	100.00	343	WP_002000718.1	multidrug efflux transcriptional repressor AdeL	NA	NA
NA	ENA|CP017152|CP017152.1	3285712	3288423	-	gyrA_G79G	DNA gyrase subunit A GyrA [WILDTYPE]	core	AMR	POINT	QUINOLONE	QUINOLONE	POINTX	904	904	100.00	99.78	904	WP_000116450.1	DNA gyrase subunit A GyrA	NA	NA
NA	ENA|CP017152|CP017152.1	3285712	3288423	-	gyrA_S81L	Acinetobacter baumannii quinolone resistant GyrA	core	AMR	POINT	QUINOLONE	QUINOLONE	POINTX	904	904	100.00	99.78	904	WP_000116450.1	DNA gyrase subunit A GyrA	NA	NA
NA	ENA|CP017152|CP017152.1	3285712	3288423	-	gyrA_T755A	DNA gyrase subunit A GyrA [UNKNOWN]	core	AMR	POINT	NA	NA	POINTX	904	904	100.00	99.78	904	WP_000116450.1	DNA gyrase subunit A GyrA	NA	NA
NA	ENA|CP017152|CP017152.1	3456608	3457939	-	pmrB_A226A	two-component system sensor histidine kinase PmrB [WILDTYPE]	core	AMR	POINT	COLISTIN	COLISTIN	POINTX	444	444	100.00	100.00	444	WP_000559382.1	two-component system sensor histidine kinase PmrB	NA	NA
NA	ENA|CP017152|CP017152.1	3456608	3457939	-	pmrB_A227A	two-component system sensor histidine kinase PmrB [WILDTYPE]	core	AMR	POINT	COLISTIN	COLISTIN	POINTX	444	444	100.00	100.00	444	WP_000559382.1	two-component system sensor histidine kinase PmrB	NA	NA
NA	ENA|CP017152|CP017152.1	3456608	3457939	-	pmrB_E301E	two-component system sensor histidine kinase PmrB [WILDTYPE]	core	AMR	POINT	COLISTIN	COLISTIN	POINTX	444	444	100.00	100.00	444	WP_000559382.1	two-component system sensor histidine kinase PmrB	NA	NA
NA	ENA|CP017152|CP017152.1	3456608	3457939	-	pmrB_G315G	two-component system sensor histidine kinase PmrB [WILDTYPE]	core	AMR	POINT	COLISTIN	COLISTIN	POINTX	444	444	100.00	100.00	444	WP_000559382.1	two-component system sensor histidine kinase PmrB	NA	NA
NA	ENA|CP017152|CP017152.1	3456608	3457939	-	pmrB_I164I	two-component system sensor histidine kinase PmrB [WILDTYPE]	core	AMR	POINT	COLISTIN	COLISTIN	POINTX	444	444	100.00	100.00	444	WP_000559382.1	two-component system sensor histidine kinase PmrB	NA	NA
NA	ENA|CP017152|CP017152.1	3456608	3457939	-	pmrB_L168L	two-component system sensor histidine kinase PmrB [WILDTYPE]	core	AMR	POINT	COLISTIN	COLISTIN	POINTX	444	444	100.00	100.00	444	WP_000559382.1	two-component system sensor histidine kinase PmrB	NA	NA
NA	ENA|CP017152|CP017152.1	3456608	3457939	-	pmrB_P170P	two-component system sensor histidine kinase PmrB [WILDTYPE]	core	AMR	POINT	COLISTIN	COLISTIN	POINTX	444	444	100.00	100.00	444	WP_000559382.1	two-component system sensor histidine kinase PmrB	NA	NA
NA	ENA|CP017152|CP017152.1	3456608	3457939	-	pmrB_P233P	two-component system sensor histidine kinase PmrB [WILDTYPE]	core	AMR	POINT	COLISTIN	COLISTIN	POINTX	444	444	100.00	100.00	444	WP_000559382.1	two-component system sensor histidine kinase PmrB	NA	NA
NA	ENA|CP017152|CP017152.1	3456608	3457939	-	pmrB_Q270Q	two-component system sensor histidine kinase PmrB [WILDTYPE]	core	AMR	POINT	COLISTIN	COLISTIN	POINTX	444	444	100.00	100.00	444	WP_000559382.1	two-component system sensor histidine kinase PmrB	NA	NA
NA	ENA|CP017152|CP017152.1	3456608	3457939	-	pmrB_R231R	two-component system sensor histidine kinase PmrB [WILDTYPE]	core	AMR	POINT	COLISTIN	COLISTIN	POINTX	444	444	100.00	100.00	444	WP_000559382.1	two-component system sensor histidine kinase PmrB	NA	NA
NA	ENA|CP017152|CP017152.1	3456608	3457939	-	pmrB_R263R	two-component system sensor histidine kinase PmrB [WILDTYPE]	core	AMR	POINT	COLISTIN	COLISTIN	POINTX	444	444	100.00	100.00	444	WP_000559382.1	two-component system sensor histidine kinase PmrB	NA	NA
NA	ENA|CP017152|CP017152.1	3456608	3457939	-	pmrB_S17S	two-component system sensor histidine kinase PmrB [WILDTYPE]	core	AMR	POINT	COLISTIN	COLISTIN	POINTX	444	444	100.00	100.00	444	WP_000559382.1	two-component system sensor histidine kinase PmrB	NA	NA
NA	ENA|CP017152|CP017152.1	3456608	3457939	-	pmrB_T232T	two-component system sensor histidine kinase PmrB [WILDTYPE]	core	AMR	POINT	COLISTIN	COLISTIN	POINTX	444	444	100.00	100.00	444	WP_000559382.1	two-component system sensor histidine kinase PmrB	NA	NA
NA	ENA|CP017152|CP017152.1	3456608	3457939	-	pmrB_T235T	two-component system sensor histidine kinase PmrB [WILDTYPE]	core	AMR	POINT	COLISTIN	COLISTIN	POINTX	444	444	100.00	100.00	444	WP_000559382.1	two-component system sensor histidine kinase PmrB	NA	NA
NA	ENA|CP017152|CP017152.1	3457968	3458639	-	pmrA_E8E	two-component system response regulator PmrA [WILDTYPE]	core	AMR	POINT	COLISTIN	COLISTIN	POINTX	224	224	100.00	100.00	224	WP_000161505.1	two-component system response regulator PmrA	NA	NA
NA	ENA|CP017152|CP017152.1	3457968	3458639	-	pmrA_M12M	two-component system response regulator PmrA [WILDTYPE]	core	AMR	POINT	COLISTIN	COLISTIN	POINTX	224	224	100.00	100.00	224	WP_000161505.1	two-component system response regulator PmrA	NA	NA
NA	ENA|CP017152|CP017152.1	3458657	3460303	-	pmrC_A370S	phosphoethanolamine--lipid A transferase PmrC [UNKNOWN]	core	AMR	POINT	NA	NA	POINTX	549	549	100.00	99.27	549	WP_031946942.1	phosphoethanolamine--lipid A transferase PmrC	NA	NA
NA	ENA|CP017152|CP017152.1	3458657	3460303	-	pmrC_F166L	phosphoethanolamine--lipid A transferase PmrC [UNKNOWN]	core	AMR	POINT	NA	NA	POINTX	549	549	100.00	99.27	549	WP_031946942.1	phosphoethanolamine--lipid A transferase PmrC	NA	NA
NA	ENA|CP017152|CP017152.1	3458657	3460303	-	pmrC_K531T	phosphoethanolamine--lipid A transferase PmrC [UNKNOWN]	core	AMR	POINT	NA	NA	POINTX	549	549	100.00	99.27	549	WP_031946942.1	phosphoethanolamine--lipid A transferase PmrC	NA	NA
NA	ENA|CP017152|CP017152.1	3458657	3460303	-	pmrC_R125R	phosphoethanolamine--lipid A transferase PmrC [WILDTYPE]	core	AMR	POINT	COLISTIN	COLISTIN	POINTX	549	549	100.00	99.27	549	WP_031946942.1	phosphoethanolamine--lipid A transferase PmrC	NA	NA
NA	ENA|CP017152|CP017152.1	3458657	3460303	-	pmrC_V58I	phosphoethanolamine--lipid A transferase PmrC [UNKNOWN]	core	AMR	POINT	NA	NA	POINTX	549	549	100.00	99.27	549	WP_031946942.1	phosphoethanolamine--lipid A transferase PmrC	NA	NA
NA	ENA|CP017152|CP017152.1	3601966	3602649	-	baeR_S104S	envelope stress response regulator BaeR [WILDTYPE]	core	AMR	POINT	BETA-LACTAM	CEFIDEROCOL	POINTX	228	228	100.00	100.00	228	WP_000680577.1	envelope stress response regulator BaeR	NA	NA
NA	ENA|CP017152|CP017152.1	3602672	3604327	-	baeS_D89D	two-component system sensor histidine kinase BaeS [WILDTYPE]	core	AMR	POINT	BETA-LACTAM	CEFIDEROCOL	POINTX	552	552	100.00	99.82	552	WP_005119692.1	two-component system sensor histidine kinase BaeS	NA	NA
NA	ENA|CP017152|CP017152.1	3602672	3604327	-	baeS_S437T	two-component system sensor histidine kinase BaeS [UNKNOWN]	core	AMR	POINT	NA	NA	POINTX	552	552	100.00	99.82	552	WP_005119692.1	two-component system sensor histidine kinase BaeS	NA	NA
NA	ENA|CP017152|CP017152.1	3752356	3752664	-	rpsJ_V57V	30S ribosomal protein S10 [WILDTYPE]	core	AMR	POINT	TETRACYCLINE	TIGECYCLINE	POINTX	103	103	100.00	100.00	103	WP_000070912.1	30S ribosomal protein S10	NA	NA
NA	ENA|CP017152|CP017152.1	3881734	3883563	-	ftsI_A515A	penicillin-binding protein PBP3 FtsI [WILDTYPE]	core	AMR	POINT	BETA-LACTAM	CARBAPENEM/SULBACTAM-DURLOBACTAM	POINTX	610	610	100.00	100.00	610	WP_000227936.1	penicillin-binding protein PBP3 FtsI	NA	NA
NA	ENA|CP017152|CP017152.1	3881734	3883563	-	ftsI_T526T	penicillin-binding protein PBP3 FtsI [WILDTYPE]	core	AMR	POINT	BETA-LACTAM	SULBACTAM-DURLOBACTAM	POINTX	610	610	100.00	100.00	610	WP_000227936.1	penicillin-binding protein PBP3 FtsI	NA	NA
NA	ENA|CP017152|CP017152.1	4019302	4020201	-	lpxC_P30P	UDP-3-O-acyl-N-acetylglucosamine deacetylase LpxC [WILDTYPE]	core	AMR	POINT	COLISTIN	COLISTIN	POINTX	300	300	100.00	100.00	300	WP_000240700.1	UDP-3-O-acyl-N-acetylglucosamine deacetylase LpxC	NA	NA
