Gene1,Gene2,Count
OXA-66,adeT2-BAC0479,1
OXA-66,msr(E)_1,1
OXA-66,merA-BAC0652,1
OXA-66,bauE,1
OXA-66,adeC,1
OXA-66,tssM,1
OXA-66,merD,1
OXA-66,gspE1,1
OXA-66,fecE-BAC0164,1
OXA-66,pgaA,1
OXA-66,SULI,1
OXA-66,ARMA,1
OXA-66,pilJ,1
OXA-66,blaOXA-23,1
OXA-66,mdfA/cmr-BAC0208,1
OXA-66,pilA,1
OXA-66,aadA,1
OXA-66,tet(B)_1,1
OXA-66,hmrR-BAC0190,1
OXA-66,sul1,1
OXA-66,galE,1
OXA-66,(AGly)strB,1
OXA-66,soxR-BAC0370,1
OXA-66,fecD-BAC0163,1
OXA-66,ADEA,1
OXA-66,ADET1,1
OXA-66,MPHE,1
OXA-66,nreB,1
OXA-66,basC,1
OXA-66,pilC,1
OXA-66,mph(E)_1,1
OXA-66,APH(3'')-Ib,1
OXA-66,ACICU_RS00395,1
OXA-66,ADEL,1
OXA-66,adeA-BAC0471,1
OXA-66,fimU,1
OXA-66,barA,1
OXA-66,corA-BAC0641,1
OXA-66,arsB-BAC0573,1
OXA-66,pstB-BAC0316,1
OXA-66,(Bla)BlaA2,1
OXA-66,ompA,1
OXA-66,vcaM-BAC0417,1
OXA-66,basF,1
OXA-66,plc2,1
OXA-66,zraR/hydH-BAC0467,1
OXA-66,OXA,1
OXA-66,tssL,1
OXA-66,G2alt-BAC0490,1
OXA-66,(AGly)aac6-Iaf,1
OXA-66,ACICU_RS00485,1
OXA-66,MEXT,1
OXA-66,gspM,1
OXA-66,ACICU_RS00500,1
OXA-66,pilI,1
OXA-66,basH,1
OXA-66,ACICU_RS04565,1
OXA-66,galE-BAC0755,1
OXA-66,(Sul)sul1,1
OXA-66,abeS,1
OXA-66,TEM,1
OXA-66,blaOXA-66_1,1
OXA-66,(Bla)BlaA1,1
OXA-66,recG-BAC0356,1
OXA-66,mexJ-BAC0241,1
OXA-66,adeK,1
OXA-66,gspG,1
OXA-66,blaADC-31,1
OXA-66,adeT1-BAC0478,1
OXA-66,adeK-BAC0019,1
OXA-66,mexT-BAC0244,1
OXA-66,pgaC,1
OXA-66,adeJ-BAC0018,1
OXA-66,lpxA,1
OXA-66,arsT-BAC0714,1
OXA-66,lpxC,1
OXA-66,ADEB,1
OXA-66,qacEdelta1,1
OXA-66,blt-BAC0050,1
OXA-66,cpxR-BAC0533,1
OXA-66,czcR-BAC0125,1
OXA-66,ADEI,1
OXA-66,ADEJ,1
OXA-66,tviB,1
OXA-66,csuA/B,1
OXA-66,nikE-BAC0274,1
OXA-66,adeN,1
OXA-66,AAC(6')-Ib7,1
OXA-66,copR-BAC0719,1
OXA-66,APH(3')-Ia,1
OXA-66,vceA-BAC0418,1
OXA-66,msr(E),1
OXA-66,(MLS)msr(E),1
OXA-66,znuC/yebM-BAC0465,1
OXA-66,bfmS,1
OXA-66,ADEC,1
OXA-66,corC-BAC0088,1
OXA-66,blaADC-25_1,1
OXA-66,(Bla)blaOXA-23,1
OXA-66,abeS-BAC0002,1
OXA-66,ostA/lptD-BAC0296,1
OXA-66,fimT,1
OXA-66,adeJ,1
OXA-66,fptA-BAC0168,1
OXA-66,pmrA-BAC0487,1
OXA-66,AAC6-PRIME,1
OXA-66,bfmR,1
OXA-66,plcD,1
OXA-66,ACICU_RS00470*,1
OXA-66,pilM,1
OXA-66,aph(3'')-Ib_2,1
OXA-66,nreB-BAC0285,1
OXA-66,aph(3'')-Ib,1
OXA-66,bauA,1
OXA-66,sodB-BAC0706,1
OXA-66,csuB,1
OXA-66,tssA,1
OXA-66,golT-BAC0183,1
OXA-66,blaOXA-66,1
OXA-66,pilF,1
OXA-66,gspH,1
OXA-66,aadA1,1
OXA-66,pgi,1
OXA-66,adeL,1
OXA-66,adeF,1
OXA-66,modA-BAC0609,1
OXA-66,ADEK,1
OXA-66,ant(3'')-Ia_1,1
OXA-66,LpsB,1
OXA-66,(Bla)blaOXA-66,1
OXA-66,czcA-BAC0119,1
OXA-66,oxyRkp-BAC0536,1
OXA-66,ADC,1
OXA-66,aacA16,1
OXA-66,(MLS)mph(E),1
OXA-66,basA,1
OXA-66,csuA,1
OXA-66,ACICU_RS00475,1
OXA-66,armA_1,1
OXA-66,abaF,1
OXA-66,pseI,1
OXA-66,blaTEM-12,1
OXA-66,fimV,1
OXA-66,TEM-12,1
OXA-66,tssF,1
OXA-66,hefC-BAC0188,1
OXA-66,(AGly)aadA1-pm,1
OXA-66,abaI,1
OXA-66,modB-BAC0599,1
OXA-66,amvA,1
OXA-66,aph(3')-Ia_7,1
OXA-66,(Bla)blaTEM-1D,1
OXA-66,merP,1
OXA-66,blaOXA-23_1,1
OXA-66,hmrM-BAC0189,1
OXA-66,csuC,1
OXA-66,bauC,1
OXA-66,yddg/emrE-BAC0435,1
OXA-66,AMVA,1
OXA-66,bap,1
OXA-66,gspL,1
OXA-66,basB,1
OXA-66,gspO/pilD,1
OXA-66,fabL/ygaA-BAC0158,1
OXA-66,ADEF,1
OXA-66,tssE,1
OXA-66,Acinetobacter_baumannii_AbaQ,1
OXA-66,abuO-BAC0758,1
OXA-66,Acinetobacter_baumannii_AbaF,1
OXA-66,lpxL,1
OXA-66,pmrB-BAC0488,1
OXA-66,pilT,1
OXA-66,actP/yjcG-BAC0564,1
OXA-66,plc1,1
OXA-66,gspD,1
OXA-66,adeL-BAC0508,1
OXA-66,ACICU_RS04610,1
OXA-66,MSRE,1
OXA-66,tagX,1
OXA-66,aac(6')-Ib',1
OXA-66,aph(3')-Ia,1
OXA-66,catB8_1,1
OXA-66,mdeA-BAC0207,1
OXA-66,blaTEM-1D_1,1
OXA-66,bauB,1
OXA-66,chrA-BAC0026,1
OXA-66,catB8,1
OXA-66,adeA,1
OXA-66,tsaP,1
OXA-66,tssC,1
OXA-66,gyrA_S81L,1
OXA-66,pilV,1
OXA-66,csuD,1
OXA-66,pseC,1
OXA-66,pilX,1
OXA-66,fabI-BAC0156,1
OXA-66,(Bla)Mbl,1
OXA-66,ant(3'')-IIa,1
OXA-66,(Tet)tetB,1
OXA-66,gspC,1
OXA-66,corR-BAC0089,1
OXA-66,pilW,1
OXA-66,merC-BAC0664,1
OXA-66,pseG,1
OXA-66,cutE/lnt-BAC0115,1
OXA-66,OXA-23,1
OXA-66,pilE,1
OXA-66,AAC(6')-Iaf,1
OXA-66,(Bla)blaADC-25,1
OXA-66,smeF-BAC0360,1
OXA-66,ydeP-BAC0438,1
OXA-66,tet(B),1
OXA-66,adeH,1
OXA-66,pbpG,1
OXA-66,gspN,1
OXA-66,ADC-31,1
OXA-66,adeF-BAC0014,1
OXA-66,lpxD,1
OXA-66,ABAF,1
OXA-66,mphE,1
OXA-66,arsC-BAC0584,1
OXA-66,msrE,1
OXA-66,ACICU_RS00400,1
OXA-66,basI,1
OXA-66,ADET2,1
OXA-66,pilG,1
OXA-66,(AGly)ant(3'')-IIa,1
OXA-66,ACICU_RS16840,1
OXA-66,pseB,1
OXA-66,ANT3-DPRIME,1
OXA-66,abaR,1
OXA-66,merA-BAC0651,1
OXA-66,gspE2,1
OXA-66,gspK,1
OXA-66,aac(6')-Iaf_1,1
OXA-66,pilP,1
OXA-66,Acinetobacter_baumannii_AmvA,1
OXA-66,adeI,1
OXA-66,clpV/tssH,1
OXA-66,ADEG,1
OXA-66,fabK-BAC0157,1
OXA-66,frnE-BAC0170,1
OXA-66,(AGly)aph(3'')-Ia,1
OXA-66,gspF,1
OXA-66,ADES,1
OXA-66,mexK-BAC0242,1
OXA-66,(Bla)Zn-dependent_hydrolase,1
OXA-66,lmrS-BAC0535,1
OXA-66,pilU,1
OXA-66,pilH,1
OXA-66,baeR-BAC0039,1
OXA-66,pilS,1
OXA-66,pilO,1
OXA-66,modB-BAC0610,1
OXA-66,mdtN/yjcR-BAC0220,1
OXA-66,ANT(3'')-IIa,1
OXA-66,ABES,1
OXA-66,pseF,1
OXA-66,fpvA-BAC0169,1
OXA-66,ruvB-BAC0355,1
OXA-66,adeI-BAC0017,1
OXA-66,galU,1
OXA-66,sul1_5,1
OXA-66,adeH-BAC0016,1
OXA-66,pcoA-BAC0303,1
OXA-66,pseH,1
OXA-66,basG,1
OXA-66,tssK,1
OXA-66,blaTEM-1,1
OXA-66,csuE,1
OXA-66,bfrA-BAC0048,1
OXA-66,nikD-BAC0273,1
OXA-66,ADEN,1
OXA-66,pilN,1
OXA-66,gspI,1
OXA-66,sugE-BAC0378,1
OXA-66,adeB,1
OXA-66,tssB,1
OXA-66,basJ,1
OXA-66,pilQ,1
OXA-66,qacEdelta1-BAC0323,1
OXA-66,znuB/yebI-BAC0464,1
OXA-66,pbrR-BAC0301,1
OXA-66,lpxB,1
OXA-66,aph(6)-Id_1,1
OXA-66,(Phe)catB8,1
OXA-66,hcp/tssD,1
OXA-66,vceB-BAC0419,1
OXA-66,dsbC-BAC0138,1
OXA-66,barB,1
OXA-66,aph(6)-Id,1
OXA-66,merR-BAC0689,1
OXA-66,armA,1
OXA-66,merT,1
OXA-66,adeG,1
OXA-66,sitB-BAC0350,1
OXA-66,pgaB,1
OXA-66,mph(E),1
OXA-66,ADEH,1
OXA-66,pgaD,1
OXA-66,BLAA,1
OXA-66,APH6,1
OXA-66,adeS,1
OXA-66,merT-BAC0695,1
OXA-66,pilR,1
OXA-66,czcD-BAC0122,1
OXA-66,vgrG/tssI,1
OXA-66,adeR,1
OXA-66,ABAQ,1
OXA-66,adeG-BAC0015,1
OXA-66,entE,1
OXA-66,pilB,1
OXA-66,lpxM,1
OXA-66,acn-BAC0003,1
OXA-66,adeN-BAC0496,1
OXA-66,comR/ycfQ-BAC0076,1
OXA-66,(AGly)strA,1
OXA-66,bauD,1
OXA-66,ruvB-BAC0293,1
OXA-66,merP-BAC0678,1
OXA-66,parC_E88K,1
OXA-66,adeB-BAC0472,1
OXA-66,adeC-BAC0473,1
OXA-66,cxpE,1
OXA-66,amvA-BAC0025,1
OXA-66,APH3-DPRIME,1
OXA-66,bcr-BAC0041,1
OXA-66,APH(6)-Id,1
OXA-66,emrBsm-BAC0500,1
OXA-66,(AGly)armA,1
OXA-66,basD,1
OXA-66,pmrC-BAC0485,1
OXA-66,ADER,1
OXA-66,merR,1
OXA-66,lpsB,1
OXA-66,TETB,1
OXA-66,ACICU_RS00405,1
OXA-66,bauF,1
OXA-66,adeE-BAC0013,1
OXA-66,pilY1,1
OXA-66,mgtA-BAC0642,1
OXA-66,nikB-BAC0271,1
OXA-66,pitA-BAC0312,1
OXA-66,tssG,1
OXA-66,aac(6')-Ip,1
adeT2-BAC0479,msr(E)_1,1
adeT2-BAC0479,merA-BAC0652,1
adeT2-BAC0479,bauE,1
adeT2-BAC0479,adeC,1
adeT2-BAC0479,tssM,1
adeT2-BAC0479,merD,1
adeT2-BAC0479,gspE1,1
adeT2-BAC0479,fecE-BAC0164,1
adeT2-BAC0479,pgaA,1
adeT2-BAC0479,SULI,1
adeT2-BAC0479,ARMA,1
adeT2-BAC0479,pilJ,1
adeT2-BAC0479,blaOXA-23,1
adeT2-BAC0479,mdfA/cmr-BAC0208,1
adeT2-BAC0479,pilA,1
adeT2-BAC0479,aadA,1
adeT2-BAC0479,tet(B)_1,1
adeT2-BAC0479,hmrR-BAC0190,1
adeT2-BAC0479,sul1,1
adeT2-BAC0479,galE,1
adeT2-BAC0479,(AGly)strB,1
adeT2-BAC0479,soxR-BAC0370,1
adeT2-BAC0479,fecD-BAC0163,1
adeT2-BAC0479,ADEA,1
adeT2-BAC0479,ADET1,1
adeT2-BAC0479,MPHE,1
adeT2-BAC0479,nreB,1
adeT2-BAC0479,basC,1
adeT2-BAC0479,pilC,1
adeT2-BAC0479,mph(E)_1,1
adeT2-BAC0479,APH(3'')-Ib,1
adeT2-BAC0479,ACICU_RS00395,1
adeT2-BAC0479,ADEL,1
adeT2-BAC0479,adeA-BAC0471,1
adeT2-BAC0479,fimU,1
adeT2-BAC0479,barA,1
adeT2-BAC0479,corA-BAC0641,1
adeT2-BAC0479,arsB-BAC0573,1
adeT2-BAC0479,pstB-BAC0316,1
adeT2-BAC0479,(Bla)BlaA2,1
adeT2-BAC0479,ompA,1
adeT2-BAC0479,vcaM-BAC0417,1
adeT2-BAC0479,basF,1
adeT2-BAC0479,plc2,1
adeT2-BAC0479,zraR/hydH-BAC0467,1
adeT2-BAC0479,OXA,1
adeT2-BAC0479,tssL,1
adeT2-BAC0479,G2alt-BAC0490,1
adeT2-BAC0479,(AGly)aac6-Iaf,1
adeT2-BAC0479,ACICU_RS00485,1
adeT2-BAC0479,MEXT,1
adeT2-BAC0479,gspM,1
adeT2-BAC0479,ACICU_RS00500,1
adeT2-BAC0479,pilI,1
adeT2-BAC0479,basH,1
adeT2-BAC0479,ACICU_RS04565,1
adeT2-BAC0479,galE-BAC0755,1
adeT2-BAC0479,(Sul)sul1,1
adeT2-BAC0479,abeS,1
adeT2-BAC0479,TEM,1
adeT2-BAC0479,blaOXA-66_1,1
adeT2-BAC0479,(Bla)BlaA1,1
adeT2-BAC0479,recG-BAC0356,1
adeT2-BAC0479,mexJ-BAC0241,1
adeT2-BAC0479,adeK,1
adeT2-BAC0479,gspG,1
adeT2-BAC0479,blaADC-31,1
adeT2-BAC0479,adeT1-BAC0478,1
adeT2-BAC0479,adeK-BAC0019,1
adeT2-BAC0479,mexT-BAC0244,1
adeT2-BAC0479,pgaC,1
adeT2-BAC0479,adeJ-BAC0018,1
adeT2-BAC0479,lpxA,1
adeT2-BAC0479,arsT-BAC0714,1
adeT2-BAC0479,lpxC,1
adeT2-BAC0479,ADEB,1
adeT2-BAC0479,qacEdelta1,1
adeT2-BAC0479,blt-BAC0050,1
adeT2-BAC0479,cpxR-BAC0533,1
adeT2-BAC0479,czcR-BAC0125,1
adeT2-BAC0479,ADEI,1
adeT2-BAC0479,ADEJ,1
adeT2-BAC0479,tviB,1
adeT2-BAC0479,csuA/B,1
adeT2-BAC0479,nikE-BAC0274,1
adeT2-BAC0479,adeN,1
adeT2-BAC0479,AAC(6')-Ib7,1
adeT2-BAC0479,copR-BAC0719,1
adeT2-BAC0479,APH(3')-Ia,1
adeT2-BAC0479,vceA-BAC0418,1
adeT2-BAC0479,msr(E),1
adeT2-BAC0479,(MLS)msr(E),1
adeT2-BAC0479,znuC/yebM-BAC0465,1
adeT2-BAC0479,bfmS,1
adeT2-BAC0479,ADEC,1
adeT2-BAC0479,corC-BAC0088,1
adeT2-BAC0479,blaADC-25_1,1
adeT2-BAC0479,(Bla)blaOXA-23,1
adeT2-BAC0479,abeS-BAC0002,1
adeT2-BAC0479,ostA/lptD-BAC0296,1
adeT2-BAC0479,fimT,1
adeT2-BAC0479,adeJ,1
adeT2-BAC0479,fptA-BAC0168,1
adeT2-BAC0479,pmrA-BAC0487,1
adeT2-BAC0479,AAC6-PRIME,1
adeT2-BAC0479,bfmR,1
adeT2-BAC0479,plcD,1
adeT2-BAC0479,ACICU_RS00470*,1
adeT2-BAC0479,pilM,1
adeT2-BAC0479,aph(3'')-Ib_2,1
adeT2-BAC0479,nreB-BAC0285,1
adeT2-BAC0479,aph(3'')-Ib,1
adeT2-BAC0479,bauA,1
adeT2-BAC0479,sodB-BAC0706,1
adeT2-BAC0479,csuB,1
adeT2-BAC0479,tssA,1
adeT2-BAC0479,golT-BAC0183,1
adeT2-BAC0479,blaOXA-66,1
adeT2-BAC0479,pilF,1
adeT2-BAC0479,gspH,1
adeT2-BAC0479,aadA1,1
adeT2-BAC0479,pgi,1
adeT2-BAC0479,adeL,1
adeT2-BAC0479,adeF,1
adeT2-BAC0479,modA-BAC0609,1
adeT2-BAC0479,ADEK,1
adeT2-BAC0479,ant(3'')-Ia_1,1
adeT2-BAC0479,LpsB,1
adeT2-BAC0479,(Bla)blaOXA-66,1
adeT2-BAC0479,czcA-BAC0119,1
adeT2-BAC0479,oxyRkp-BAC0536,1
adeT2-BAC0479,ADC,1
adeT2-BAC0479,aacA16,1
adeT2-BAC0479,(MLS)mph(E),1
adeT2-BAC0479,basA,1
adeT2-BAC0479,csuA,1
adeT2-BAC0479,ACICU_RS00475,1
adeT2-BAC0479,armA_1,1
adeT2-BAC0479,abaF,1
adeT2-BAC0479,pseI,1
adeT2-BAC0479,blaTEM-12,1
adeT2-BAC0479,fimV,1
adeT2-BAC0479,TEM-12,1
adeT2-BAC0479,tssF,1
adeT2-BAC0479,hefC-BAC0188,1
adeT2-BAC0479,(AGly)aadA1-pm,1
adeT2-BAC0479,abaI,1
adeT2-BAC0479,modB-BAC0599,1
adeT2-BAC0479,amvA,1
adeT2-BAC0479,aph(3')-Ia_7,1
adeT2-BAC0479,(Bla)blaTEM-1D,1
adeT2-BAC0479,merP,1
adeT2-BAC0479,blaOXA-23_1,1
adeT2-BAC0479,hmrM-BAC0189,1
adeT2-BAC0479,csuC,1
