Sample,gene,mutation,class,subclass,contig,start,stop,strand,coverage,identity,accession
GCA_000498375.2,parC_E88K,,QUINOLONE,QUINOLONE,ENA|CP017152|CP017152.1,241815,244031,+,100.0,99.86,WP_000202259.1
GCA_000498375.2,parC_S84S,,QUINOLONE,QUINOLONE,ENA|CP017152|CP017152.1,241815,244031,+,100.0,99.86,WP_000202259.1
GCA_000498375.2,rpoB_N527D,,,,ENA|CP017152|CP017152.1,334413,338498,+,100.0,99.93,WP_000331899.1
GCA_000498375.2,rpoB_S583S,,RIFAMYCIN,RIFAMPIN,ENA|CP017152|CP017152.1,334413,338498,+,100.0,99.93,WP_000331899.1
GCA_000498375.2,pmrC_HS543SQ,,,,ENA|CP017152|CP017152.1,1269154,1270080,+,56.28,98.06,WP_031946942.1
GCA_000498375.2,pmrC_I535V,,,,ENA|CP017152|CP017152.1,1269154,1270080,+,56.28,98.06,WP_031946942.1
GCA_000498375.2,pmrC_L238P,,,,ENA|CP017152|CP017152.1,1269154,1270080,+,56.28,98.06,WP_031946942.1
GCA_000498375.2,pmrC_PQ537NK,,,,ENA|CP017152|CP017152.1,1269154,1270080,+,56.28,98.06,WP_031946942.1
GCA_000498375.2,adeR_A91A,,EFFLUX,EFFLUX,ENA|CP017152|CP017152.1,2140531,2141271,+,100.0,97.98,WP_031379794.1
GCA_000498375.2,adeR_AA136VT,,,,ENA|CP017152|CP017152.1,2140531,2141271,+,100.0,97.98,WP_031379794.1
GCA_000498375.2,adeR_D20D,,EFFLUX,EFFLUX,ENA|CP017152|CP017152.1,2140531,2141271,+,100.0,97.98,WP_031379794.1
GCA_000498375.2,adeR_E219E,,EFFLUX,EFFLUX,ENA|CP017152|CP017152.1,2140531,2141271,+,100.0,97.98,WP_031379794.1
GCA_000498375.2,adeR_I14V,,,,ENA|CP017152|CP017152.1,2140531,2141271,+,100.0,97.98,WP_031379794.1
GCA_000498375.2,adeR_I243V,,,,ENA|CP017152|CP017152.1,2140531,2141271,+,100.0,97.98,WP_031379794.1
GCA_000498375.2,adeR_L192L,,EFFLUX,EFFLUX,ENA|CP017152|CP017152.1,2140531,2141271,+,100.0,97.98,WP_031379794.1
GCA_000498375.2,adeR_P116P,,EFFLUX,EFFLUX,ENA|CP017152|CP017152.1,2140531,2141271,+,100.0,97.98,WP_031379794.1
GCA_000498375.2,adeR_P56P,,EFFLUX,EFFLUX,ENA|CP017152|CP017152.1,2140531,2141271,+,100.0,97.98,WP_031379794.1
GCA_000498375.2,adeR_V228I,,,,ENA|CP017152|CP017152.1,2140531,2141271,+,100.0,97.98,WP_031379794.1
GCA_000498375.2,adeS_F12F,,TETRACYCLINE,TIGECYCLINE,ENA|CP017152|CP017152.1,2141306,2142376,+,98.89,98.32,WP_031379793.1
GCA_000498375.2,adeS_G186V,,,,ENA|CP017152|CP017152.1,2141306,2142376,+,98.89,98.32,WP_031379793.1
GCA_000498375.2,adeS_G336G,,EFFLUX,EFFLUX,ENA|CP017152|CP017152.1,2141306,2142376,+,98.89,98.32,WP_031379793.1
GCA_000498375.2,adeS_GH356NN,,,,ENA|CP017152|CP017152.1,2141306,2142376,+,98.89,98.32,WP_031379793.1
GCA_000498375.2,adeS_H189H,,EFFLUX,EFFLUX,ENA|CP017152|CP017152.1,2141306,2142376,+,98.89,98.32,WP_031379793.1
GCA_000498375.2,adeS_H249R,,,,ENA|CP017152|CP017152.1,2141306,2142376,+,98.89,98.32,WP_031379793.1
GCA_000498375.2,adeS_I235V,,,,ENA|CP017152|CP017152.1,2141306,2142376,+,98.89,98.32,WP_031379793.1
GCA_000498375.2,adeS_I252I,,EFFLUX,EFFLUX,ENA|CP017152|CP017152.1,2141306,2142376,+,98.89,98.32,WP_031379793.1
GCA_000498375.2,adeS_N125N,,EFFLUX,EFFLUX,ENA|CP017152|CP017152.1,2141306,2142376,+,98.89,98.32,WP_031379793.1
GCA_000498375.2,adeS_Q163Q,,EFFLUX,EFFLUX,ENA|CP017152|CP017152.1,2141306,2142376,+,98.89,98.32,WP_031379793.1
GCA_000498375.2,adeS_R152R,,EFFLUX,EFFLUX,ENA|CP017152|CP017152.1,2141306,2142376,+,98.89,98.32,WP_031379793.1
GCA_000498375.2,adeS_T153T,,EFFLUX,EFFLUX,ENA|CP017152|CP017152.1,2141306,2142376,+,98.89,98.32,WP_031379793.1
GCA_000498375.2,adeS_V348I,,,,ENA|CP017152|CP017152.1,2141306,2142376,+,98.89,98.32,WP_031379793.1
GCA_000498375.2,lpxA_D233D,,COLISTIN,COLISTIN,ENA|CP017152|CP017152.1,2460602,2461387,-,100.0,100.0,WP_000064875.1
GCA_000498375.2,lpxA_G68G,,COLISTIN,COLISTIN,ENA|CP017152|CP017152.1,2460602,2461387,-,100.0,100.0,WP_000064875.1
GCA_000498375.2,lpxA_H159H,,COLISTIN,COLISTIN,ENA|CP017152|CP017152.1,2460602,2461387,-,100.0,100.0,WP_000064875.1
GCA_000498375.2,lpxA_Q72Q,,COLISTIN,COLISTIN,ENA|CP017152|CP017152.1,2460602,2461387,-,100.0,100.0,WP_000064875.1
GCA_000498375.2,pmrC_A54G,,,,ENA|CP017152|CP017152.1,2514604,2516202,-,97.09,93.06,WP_031946942.1
GCA_000498375.2,pmrC_AI28LF,,,,ENA|CP017152|CP017152.1,2514604,2516202,-,97.09,93.06,WP_031946942.1
GCA_000498375.2,pmrC_AI49SV,,,,ENA|CP017152|CP017152.1,2514604,2516202,-,97.09,93.06,WP_031946942.1
GCA_000498375.2,pmrC_F45N,,,,ENA|CP017152|CP017152.1,2514604,2516202,-,97.09,93.06,WP_031946942.1
GCA_000498375.2,pmrC_FM16LN,,,,ENA|CP017152|CP017152.1,2514604,2516202,-,97.09,93.06,WP_031946942.1
GCA_000498375.2,pmrC_HS543SQ,,,,ENA|CP017152|CP017152.1,2514604,2516202,-,97.09,93.06,WP_031946942.1
GCA_000498375.2,pmrC_I131V,,,,ENA|CP017152|CP017152.1,2514604,2516202,-,97.09,93.06,WP_031946942.1
GCA_000498375.2,pmrC_I535V,,,,ENA|CP017152|CP017152.1,2514604,2516202,-,97.09,93.06,WP_031946942.1
GCA_000498375.2,pmrC_IIA21LLS,,,,ENA|CP017152|CP017152.1,2514604,2516202,-,97.09,93.06,WP_031946942.1
GCA_000498375.2,pmrC_IL70LI,,,,ENA|CP017152|CP017152.1,2514604,2516202,-,97.09,93.06,WP_031946942.1
GCA_000498375.2,pmrC_PQ537NK,,,,ENA|CP017152|CP017152.1,2514604,2516202,-,97.09,93.06,WP_031946942.1
GCA_000498375.2,pmrC_Q510K,,,,ENA|CP017152|CP017152.1,2514604,2516202,-,97.09,93.06,WP_031946942.1
GCA_000498375.2,pmrC_Q533K,,,,ENA|CP017152|CP017152.1,2514604,2516202,-,97.09,93.06,WP_031946942.1
GCA_000498375.2,pmrC_R125R,,COLISTIN,COLISTIN,ENA|CP017152|CP017152.1,2514604,2516202,-,97.09,93.06,WP_031946942.1
GCA_000498375.2,pmrC_R230Q,,,,ENA|CP017152|CP017152.1,2514604,2516202,-,97.09,93.06,WP_031946942.1
GCA_000498375.2,pmrC_S14T,,,,ENA|CP017152|CP017152.1,2514604,2516202,-,97.09,93.06,WP_031946942.1
GCA_000498375.2,pmrC_T40Q,,,,ENA|CP017152|CP017152.1,2514604,2516202,-,97.09,93.06,WP_031946942.1
GCA_000498375.2,pmrC_T63A,,,,ENA|CP017152|CP017152.1,2514604,2516202,-,97.09,93.06,WP_031946942.1
GCA_000498375.2,pmrC_V100I,,,,ENA|CP017152|CP017152.1,2514604,2516202,-,97.09,93.06,WP_031946942.1
GCA_000498375.2,pmrC_V151A,,,,ENA|CP017152|CP017152.1,2514604,2516202,-,97.09,93.06,WP_031946942.1
GCA_000498375.2,pmrC_V47I,,,,ENA|CP017152|CP017152.1,2514604,2516202,-,97.09,93.06,WP_031946942.1
GCA_000498375.2,pmrC_V61I,,,,ENA|CP017152|CP017152.1,2514604,2516202,-,97.09,93.06,WP_031946942.1
GCA_000498375.2,pmrC_YAVL65NLIF,,,,ENA|CP017152|CP017152.1,2514604,2516202,-,97.09,93.06,WP_031946942.1
GCA_000498375.2,pmrC_YHQV35FKKI,,,,ENA|CP017152|CP017152.1,2514604,2516202,-,97.09,93.06,WP_031946942.1
GCA_000498375.2,adeL_G27G,,TETRACYCLINE,TIGECYCLINE,ENA|CP017152|CP017152.1,2900832,2901860,-,100.0,100.0,WP_002000718.1
GCA_000498375.2,gyrA_G79G,,QUINOLONE,QUINOLONE,ENA|CP017152|CP017152.1,3285712,3288423,-,100.0,99.78,WP_000116450.1
GCA_000498375.2,gyrA_S81L,,QUINOLONE,QUINOLONE,ENA|CP017152|CP017152.1,3285712,3288423,-,100.0,99.78,WP_000116450.1
GCA_000498375.2,gyrA_T755A,,,,ENA|CP017152|CP017152.1,3285712,3288423,-,100.0,99.78,WP_000116450.1
GCA_000498375.2,pmrB_A226A,,COLISTIN,COLISTIN,ENA|CP017152|CP017152.1,3456608,3457939,-,100.0,100.0,WP_000559382.1
GCA_000498375.2,pmrB_A227A,,COLISTIN,COLISTIN,ENA|CP017152|CP017152.1,3456608,3457939,-,100.0,100.0,WP_000559382.1
GCA_000498375.2,pmrB_E301E,,COLISTIN,COLISTIN,ENA|CP017152|CP017152.1,3456608,3457939,-,100.0,100.0,WP_000559382.1
GCA_000498375.2,pmrB_G315G,,COLISTIN,COLISTIN,ENA|CP017152|CP017152.1,3456608,3457939,-,100.0,100.0,WP_000559382.1
GCA_000498375.2,pmrB_I164I,,COLISTIN,COLISTIN,ENA|CP017152|CP017152.1,3456608,3457939,-,100.0,100.0,WP_000559382.1
GCA_000498375.2,pmrB_L168L,,COLISTIN,COLISTIN,ENA|CP017152|CP017152.1,3456608,3457939,-,100.0,100.0,WP_000559382.1
GCA_000498375.2,pmrB_P170P,,COLISTIN,COLISTIN,ENA|CP017152|CP017152.1,3456608,3457939,-,100.0,100.0,WP_000559382.1
GCA_000498375.2,pmrB_P233P,,COLISTIN,COLISTIN,ENA|CP017152|CP017152.1,3456608,3457939,-,100.0,100.0,WP_000559382.1
GCA_000498375.2,pmrB_Q270Q,,COLISTIN,COLISTIN,ENA|CP017152|CP017152.1,3456608,3457939,-,100.0,100.0,WP_000559382.1
GCA_000498375.2,pmrB_R231R,,COLISTIN,COLISTIN,ENA|CP017152|CP017152.1,3456608,3457939,-,100.0,100.0,WP_000559382.1
GCA_000498375.2,pmrB_R263R,,COLISTIN,COLISTIN,ENA|CP017152|CP017152.1,3456608,3457939,-,100.0,100.0,WP_000559382.1
GCA_000498375.2,pmrB_S17S,,COLISTIN,COLISTIN,ENA|CP017152|CP017152.1,3456608,3457939,-,100.0,100.0,WP_000559382.1
GCA_000498375.2,pmrB_T232T,,COLISTIN,COLISTIN,ENA|CP017152|CP017152.1,3456608,3457939,-,100.0,100.0,WP_000559382.1
GCA_000498375.2,pmrB_T235T,,COLISTIN,COLISTIN,ENA|CP017152|CP017152.1,3456608,3457939,-,100.0,100.0,WP_000559382.1
GCA_000498375.2,pmrA_E8E,,COLISTIN,COLISTIN,ENA|CP017152|CP017152.1,3457968,3458639,-,100.0,100.0,WP_000161505.1
GCA_000498375.2,pmrA_M12M,,COLISTIN,COLISTIN,ENA|CP017152|CP017152.1,3457968,3458639,-,100.0,100.0,WP_000161505.1
GCA_000498375.2,pmrC_A370S,,,,ENA|CP017152|CP017152.1,3458657,3460303,-,100.0,99.27,WP_031946942.1
GCA_000498375.2,pmrC_F166L,,,,ENA|CP017152|CP017152.1,3458657,3460303,-,100.0,99.27,WP_031946942.1
GCA_000498375.2,pmrC_K531T,,,,ENA|CP017152|CP017152.1,3458657,3460303,-,100.0,99.27,WP_031946942.1
GCA_000498375.2,pmrC_R125R,,COLISTIN,COLISTIN,ENA|CP017152|CP017152.1,3458657,3460303,-,100.0,99.27,WP_031946942.1
GCA_000498375.2,pmrC_V58I,,,,ENA|CP017152|CP017152.1,3458657,3460303,-,100.0,99.27,WP_031946942.1
GCA_000498375.2,baeR_S104S,,BETA-LACTAM,CEFIDEROCOL,ENA|CP017152|CP017152.1,3601966,3602649,-,100.0,100.0,WP_000680577.1
GCA_000498375.2,baeS_D89D,,BETA-LACTAM,CEFIDEROCOL,ENA|CP017152|CP017152.1,3602672,3604327,-,100.0,99.82,WP_005119692.1
GCA_000498375.2,baeS_S437T,,,,ENA|CP017152|CP017152.1,3602672,3604327,-,100.0,99.82,WP_005119692.1
GCA_000498375.2,rpsJ_V57V,,TETRACYCLINE,TIGECYCLINE,ENA|CP017152|CP017152.1,3752356,3752664,-,100.0,100.0,WP_000070912.1
GCA_000498375.2,ftsI_A515A,,BETA-LACTAM,CARBAPENEM/SULBACTAM-DURLOBACTAM,ENA|CP017152|CP017152.1,3881734,3883563,-,100.0,100.0,WP_000227936.1
GCA_000498375.2,ftsI_T526T,,BETA-LACTAM,SULBACTAM-DURLOBACTAM,ENA|CP017152|CP017152.1,3881734,3883563,-,100.0,100.0,WP_000227936.1
GCA_000498375.2,lpxC_P30P,,COLISTIN,COLISTIN,ENA|CP017152|CP017152.1,4019302,4020201,-,100.0,100.0,WP_000240700.1
