Gene,Mutation,Class,Subclass,Count,Genomes
pmrC_HS543SQ,,NA,,2,GCA_000498375.2
pmrC_I535V,,NA,,2,GCA_000498375.2
pmrC_PQ537NK,,NA,,2,GCA_000498375.2
pmrC_R125R,,COLISTIN,,2,GCA_000498375.2
parC_E88K,,QUINOLONE,,1,GCA_000498375.2
parC_S84S,,QUINOLONE,,1,GCA_000498375.2
rpoB_N527D,,NA,,1,GCA_000498375.2
rpoB_S583S,,RIFAMPIN,,1,GCA_000498375.2
pmrC_L238P,,NA,,1,GCA_000498375.2
adeR_A91A,,EFFLUX,,1,GCA_000498375.2
adeR_AA136VT,,NA,,1,GCA_000498375.2
adeR_D20D,,EFFLUX,,1,GCA_000498375.2
adeR_E219E,,EFFLUX,,1,GCA_000498375.2
adeR_I14V,,NA,,1,GCA_000498375.2
adeR_I243V,,NA,,1,GCA_000498375.2
adeR_L192L,,EFFLUX,,1,GCA_000498375.2
adeR_P116P,,EFFLUX,,1,GCA_000498375.2
adeR_P56P,,EFFLUX,,1,GCA_000498375.2
adeR_V228I,,NA,,1,GCA_000498375.2
adeS_F12F,,TIGECYCLINE,,1,GCA_000498375.2
adeS_G186V,,NA,,1,GCA_000498375.2
adeS_G336G,,EFFLUX,,1,GCA_000498375.2
adeS_GH356NN,,NA,,1,GCA_000498375.2
adeS_H189H,,EFFLUX,,1,GCA_000498375.2
adeS_H249R,,NA,,1,GCA_000498375.2
adeS_I235V,,NA,,1,GCA_000498375.2
adeS_I252I,,EFFLUX,,1,GCA_000498375.2
adeS_N125N,,EFFLUX,,1,GCA_000498375.2
adeS_Q163Q,,EFFLUX,,1,GCA_000498375.2
adeS_R152R,,EFFLUX,,1,GCA_000498375.2
adeS_T153T,,EFFLUX,,1,GCA_000498375.2
adeS_V348I,,NA,,1,GCA_000498375.2
lpxA_D233D,,COLISTIN,,1,GCA_000498375.2
lpxA_G68G,,COLISTIN,,1,GCA_000498375.2
lpxA_H159H,,COLISTIN,,1,GCA_000498375.2
lpxA_Q72Q,,COLISTIN,,1,GCA_000498375.2
pmrC_A54G,,NA,,1,GCA_000498375.2
pmrC_AI28LF,,NA,,1,GCA_000498375.2
pmrC_AI49SV,,NA,,1,GCA_000498375.2
pmrC_F45N,,NA,,1,GCA_000498375.2
pmrC_FM16LN,,NA,,1,GCA_000498375.2
pmrC_I131V,,NA,,1,GCA_000498375.2
pmrC_IIA21LLS,,NA,,1,GCA_000498375.2
pmrC_IL70LI,,NA,,1,GCA_000498375.2
pmrC_Q510K,,NA,,1,GCA_000498375.2
pmrC_Q533K,,NA,,1,GCA_000498375.2
pmrC_R230Q,,NA,,1,GCA_000498375.2
pmrC_S14T,,NA,,1,GCA_000498375.2
pmrC_T40Q,,NA,,1,GCA_000498375.2
pmrC_T63A,,NA,,1,GCA_000498375.2
pmrC_V100I,,NA,,1,GCA_000498375.2
pmrC_V151A,,NA,,1,GCA_000498375.2
pmrC_V47I,,NA,,1,GCA_000498375.2
pmrC_V61I,,NA,,1,GCA_000498375.2
pmrC_YAVL65NLIF,,NA,,1,GCA_000498375.2
pmrC_YHQV35FKKI,,NA,,1,GCA_000498375.2
adeL_G27G,,TIGECYCLINE,,1,GCA_000498375.2
gyrA_G79G,,QUINOLONE,,1,GCA_000498375.2
gyrA_S81L,,QUINOLONE,,1,GCA_000498375.2
gyrA_T755A,,NA,,1,GCA_000498375.2
pmrB_A226A,,COLISTIN,,1,GCA_000498375.2
pmrB_A227A,,COLISTIN,,1,GCA_000498375.2
pmrB_E301E,,COLISTIN,,1,GCA_000498375.2
pmrB_G315G,,COLISTIN,,1,GCA_000498375.2
pmrB_I164I,,COLISTIN,,1,GCA_000498375.2
pmrB_L168L,,COLISTIN,,1,GCA_000498375.2
pmrB_P170P,,COLISTIN,,1,GCA_000498375.2
pmrB_P233P,,COLISTIN,,1,GCA_000498375.2
pmrB_Q270Q,,COLISTIN,,1,GCA_000498375.2
pmrB_R231R,,COLISTIN,,1,GCA_000498375.2
pmrB_R263R,,COLISTIN,,1,GCA_000498375.2
pmrB_S17S,,COLISTIN,,1,GCA_000498375.2
pmrB_T232T,,COLISTIN,,1,GCA_000498375.2
pmrB_T235T,,COLISTIN,,1,GCA_000498375.2
pmrA_E8E,,COLISTIN,,1,GCA_000498375.2
pmrA_M12M,,COLISTIN,,1,GCA_000498375.2
pmrC_A370S,,NA,,1,GCA_000498375.2
pmrC_F166L,,NA,,1,GCA_000498375.2
pmrC_K531T,,NA,,1,GCA_000498375.2
pmrC_V58I,,NA,,1,GCA_000498375.2
baeR_S104S,,CEFIDEROCOL,,1,GCA_000498375.2
baeS_D89D,,CEFIDEROCOL,,1,GCA_000498375.2
baeS_S437T,,NA,,1,GCA_000498375.2
rpsJ_V57V,,TIGECYCLINE,,1,GCA_000498375.2
ftsI_A515A,,CARBAPENEM/SULBACTAM-DURLOBACTAM,,1,GCA_000498375.2
ftsI_T526T,,SULBACTAM-DURLOBACTAM,,1,GCA_000498375.2
lpxC_P30P,,COLISTIN,,1,GCA_000498375.2
